price,metascore,year,Adventure,Simulation,RPG,Action,Racing,Indie,Sports,Early Access,Free to Play,Strategy,Massively Multiplayer,Casual
9.99,96,1998,0,0,0,1,0,0,0,0,0,0,0,0
6.99,84,2006,0,0,0,0,0,0,0,0,0,1,0,0
6.99,80,2006,0,0,0,0,0,0,0,0,0,1,0,0
9.99,76,2006,0,0,1,1,0,1,0,0,0,0,0,0
9.99,70,2005,0,0,0,1,0,0,0,0,0,0,0,0
9.99,84,2006,0,0,0,0,0,1,0,0,0,1,0,0
4.99,69,2006,0,0,0,0,0,1,0,0,0,0,0,1
4.99,81,2003,0,0,0,0,0,0,0,0,0,1,0,0
19.99,75,2006,1,0,1,0,0,0,0,0,0,0,0,0
9.99,76,2006,0,0,0,0,1,0,0,0,0,0,0,0
7.49,72,2005,0,0,0,0,1,0,0,0,0,0,0,0
14.99,66,2007,1,0,0,1,0,0,0,0,0,0,0,0
9.99,67,2006,0,0,0,0,0,0,0,0,0,1,0,0
4.99,77,2002,0,0,1,0,0,0,0,0,0,0,0,0
9.99,91,2000,1,0,1,1,0,0,0,0,0,0,0,0
4.99,84,2006,0,0,0,0,0,0,0,0,0,1,0,0
9.99,80,2003,0,0,0,0,0,0,0,0,0,1,0,0
9.99,77,2006,0,0,0,0,0,0,0,0,0,1,0,0
4.99,89,1998,0,0,0,0,0,0,0,0,0,1,0,0
8.99,83,2007,1,0,0,1,0,0,0,0,0,0,0,0
19.99,66,2006,0,0,0,1,0,0,0,0,0,0,0,0
4.99,83,1994,0,0,0,1,0,0,0,0,0,0,0,0
4.99,88,2001,0,0,0,1,0,0,0,0,0,0,0,0
9.99,65,2003,0,0,0,1,0,0,0,0,0,0,0,0
4.99,94,2007,0,0,0,1,0,0,0,0,0,0,0,0
4.99,57,2007,0,0,0,0,0,0,0,0,0,1,0,0
19.99,96,2007,0,0,1,1,0,0,0,0,0,0,0,0
12.99,86,2006,0,0,0,0,0,0,0,0,0,1,0,0
12.99,87,2006,0,0,0,0,0,0,0,0,0,1,0,0
9.99,92,2004,0,0,0,0,0,0,0,0,0,1,0,0
4.99,79,2006,0,0,0,0,0,0,0,0,0,1,0,0
9.99,75,2004,0,0,0,1,0,0,0,0,0,0,0,0
9.99,81,2003,0,0,0,0,1,0,0,0,0,0,0,0
9.99,86,2003,0,0,0,1,0,0,0,0,0,0,0,0
6.99,82,2006,1,0,0,1,0,0,0,0,0,0,0,0
9.99,89,2001,0,0,0,1,0,0,0,0,0,0,0,0
19.99,82,2008,0,0,0,0,0,0,0,0,0,1,0,0
9.99,84,2007,0,0,0,0,0,0,0,0,0,0,0,1
9.99,66,2007,1,0,1,0,0,0,0,0,0,0,0,1
5.99,58,2008,0,0,0,1,0,0,0,0,0,0,0,0
7.99,74,2007,0,0,0,1,0,0,0,0,0,0,0,0
9.99,67,2006,0,1,0,0,0,0,0,0,0,0,0,0
9.99,66,2006,0,0,0,1,0,0,0,0,0,0,0,0
4.99,69,2007,1,0,0,1,0,0,0,0,0,0,0,0
2.99,74,2006,0,0,0,1,0,0,0,0,0,0,0,0
19.99,81,2006,0,1,0,0,0,0,0,0,0,1,0,0
2.99,82,2005,0,0,0,1,0,0,0,0,0,0,0,0
14.99,75,2003,0,0,0,1,0,0,0,0,0,0,0,0
4.99,57,2008,0,0,0,0,0,1,0,0,0,0,0,1
9.99,91,2003,0,0,0,1,0,0,0,0,0,0,0,0
9.99,89,2004,0,0,0,1,0,0,0,0,0,0,0,0
9.99,92,2000,0,0,0,1,0,0,0,0,0,0,0,0
9.99,85,2006,0,0,0,1,0,0,0,0,0,0,0,0
9.99,90,2005,0,1,0,0,0,0,0,0,0,0,0,0
9.99,58,2007,1,0,0,1,0,0,0,0,0,0,0,0
9.99,79,2007,0,1,0,0,0,0,0,0,0,0,0,0
9.99,86,2006,0,1,0,0,0,0,0,0,0,0,0,0
9.99,68,2005,1,0,0,0,0,0,0,0,0,0,0,0
9.99,76,2006,1,0,0,0,0,0,0,0,0,0,0,0
9.99,70,2008,1,0,0,0,0,0,0,0,0,0,0,0
9.99,71,2008,1,0,1,0,0,0,0,0,0,0,0,0
7.99,60,2007,0,1,0,0,0,0,0,0,0,1,0,0
19.99,79,2008,0,0,0,0,1,0,0,0,0,0,0,0
7.99,83,2008,0,0,0,0,1,0,0,0,0,0,0,0
4.99,65,2001,0,0,0,0,0,0,0,0,0,1,0,0
9.99,75,2008,0,0,1,1,0,0,0,0,0,0,0,0
19.99,84,2008,0,0,0,1,0,0,0,0,0,0,0,0
19.99,91,2007,0,0,0,1,0,0,0,0,0,0,0,0
9.99,86,2008,0,0,1,1,0,0,0,0,0,0,0,0
9.99,76,2008,0,0,0,0,0,1,0,0,0,0,0,0
19.99,83,2008,0,0,0,0,0,0,0,0,0,1,0,0
9.99,85,2003,0,0,0,1,0,0,0,0,0,0,0,0
19.99,80,2008,1,0,0,1,0,0,0,0,0,0,0,0
9.99,65,2008,0,0,1,0,0,0,0,0,0,1,0,0
9.99,79,2008,0,0,0,1,0,0,0,0,0,0,0,0
9.99,66,2006,0,0,0,0,0,0,0,0,0,1,0,0
9.99,84,2005,0,0,0,1,0,0,0,0,0,0,0,0
9.99,70,2007,0,0,0,0,0,0,0,0,0,1,0,0
19.99,66,2008,0,0,0,0,0,0,0,0,0,1,0,0
9.99,72,2002,0,0,0,1,0,0,0,0,0,0,0,0
4.99,76,2008,0,0,0,0,0,0,0,0,0,0,0,1
9.99,90,2008,0,0,0,0,0,1,0,0,0,0,0,0
15.99,73,2008,0,1,0,1,0,0,0,0,0,1,0,0
14.99,72,2008,1,0,0,1,0,0,0,0,0,0,0,0
9.99,85,2008,0,0,0,1,0,0,0,0,0,0,0,0
9.99,72,2009,0,0,0,1,0,0,0,0,0,0,0,0
19.99,86,2008,0,0,0,1,0,0,0,0,0,0,0,0
9.99,59,2008,0,0,1,0,0,0,0,0,0,0,0,0
19.99,81,2009,1,0,0,1,0,0,0,0,0,0,0,0
9.99,81,2008,0,0,0,0,0,1,0,0,0,1,0,0
14.99,79,2009,0,0,0,1,0,0,0,0,0,0,0,0
4.99,64,2009,0,0,0,1,0,1,0,0,0,0,0,0
9.99,77,2005,0,0,0,0,0,0,0,0,0,1,0,0
5.99,73,2009,1,0,0,1,0,0,0,0,0,1,0,0
4.99,61,2009,0,0,0,1,0,0,0,0,0,0,0,0
9.99,73,2007,1,0,0,1,0,1,0,0,0,0,0,0
19.99,83,2007,0,0,0,1,0,0,0,0,0,0,0,0
9.99,75,2009,0,0,1,0,0,0,0,0,0,0,0,0
19.99,87,2009,0,0,0,0,1,0,0,0,0,0,0,0
9.99,75,2009,0,0,0,1,0,1,0,0,0,0,0,0
9.99,65,2009,0,0,1,0,0,0,0,0,0,0,0,0
9.99,65,2009,0,0,0,0,0,0,0,0,0,1,0,0
9.99,54,2009,1,0,1,1,0,0,0,0,0,0,0,0
9.99,77,2009,0,0,0,1,0,1,0,0,0,0,0,0
6.99,79,2008,0,0,1,0,0,0,0,0,0,1,0,0
2.99,53,2009,0,0,0,0,1,0,0,0,0,0,0,0
4.99,90,2002,0,0,1,0,0,0,0,0,0,1,0,0
14.99,66,2009,0,1,0,0,0,1,0,0,0,1,0,0
19.99,79,2009,1,0,0,1,0,0,0,0,0,0,0,0
4.99,75,2004,0,0,0,0,0,0,0,0,0,1,0,0
14.99,94,2007,0,0,1,0,0,0,0,0,0,0,0,0
14.99,89,2002,0,0,1,0,0,0,0,0,0,0,0,0
9.99,78,2009,0,0,0,1,0,0,0,0,0,0,0,0
6.99,79,2007,1,0,0,0,0,0,0,0,0,0,0,0
6.99,68,2006,1,0,0,0,0,0,0,0,0,0,0,0
6.99,69,2008,1,0,0,0,0,0,0,0,0,0,0,0
6.99,73,2007,1,0,0,0,0,0,0,0,0,0,0,0
19.99,79,2009,1,0,0,0,0,0,0,0,0,0,0,0
19.99,91,2009,0,0,0,1,0,0,0,0,0,0,0,0
9.99,70,2007,1,1,0,1,1,0,0,0,0,1,0,0
5.99,78,2003,0,0,0,1,0,0,0,0,0,0,0,0
9.99,78,2005,0,0,0,1,0,0,0,0,0,0,0,0
19.99,78,2008,1,0,0,1,0,0,0,0,0,0,0,0
9.99,86,2009,1,0,0,0,0,0,0,0,0,0,0,0
9.99,51,2009,0,0,0,1,1,0,0,0,0,0,0,0
6.99,78,2009,1,0,0,0,0,0,0,0,0,0,0,0
19.99,71,2007,0,0,0,1,0,0,0,0,0,0,0,0
9.99,86,2008,0,0,0,1,0,0,0,0,0,0,0,0
9.99,69,2009,1,0,0,1,0,0,0,0,0,0,0,0
4.99,44,2009,0,0,0,1,0,0,0,0,0,0,0,0
9.99,80,2009,0,0,0,0,0,1,0,0,0,0,0,1
9.99,86,1998,0,0,1,0,0,0,0,0,0,0,0,0
9.99,82,2001,0,0,0,0,0,0,0,0,0,1,0,0
4.99,84,2009,1,0,0,0,0,1,0,0,0,0,0,0
9.99,92,2005,0,0,0,1,0,0,0,0,0,0,0,0
9.99,74,2009,1,0,0,1,0,0,0,0,0,0,0,0
9.99,77,2009,0,0,1,0,0,0,0,0,0,0,0,0
9.99,85,2009,1,0,0,0,0,1,0,0,0,0,0,0
9.99,78,2007,0,0,0,1,0,0,0,0,0,0,0,0
19.99,83,2009,0,0,0,0,1,0,0,0,0,0,0,0
14.99,83,2009,0,0,1,0,0,0,0,0,0,0,0,0
9.99,38,2009,0,0,0,1,0,0,0,0,0,0,0,0
14.99,80,2009,0,0,1,0,0,0,0,0,0,1,0,0
4.99,76,2009,0,0,0,0,0,0,0,0,0,1,0,0
4.99,77,2009,0,0,0,0,0,0,0,0,0,1,0,0
9.99,74,2009,0,0,1,1,0,0,0,0,0,0,0,0
14.99,68,2009,0,0,0,1,0,1,0,0,0,0,0,0
9.99,64,2009,1,0,0,0,0,0,0,0,0,0,0,0
19.99,91,2009,0,0,1,0,0,0,0,0,0,0,0,0
19.99,86,2009,0,0,0,1,0,0,0,0,0,0,0,0
19.99,77,2009,1,0,0,0,0,0,0,0,0,0,0,0
4.99,81,2007,0,0,1,0,0,0,0,0,0,0,0,0
14.99,85,2007,0,0,0,0,0,0,0,0,0,1,0,0
19.99,77,2009,0,0,0,0,0,0,0,0,0,1,0,0
14.99,72,2009,0,1,0,0,0,1,0,0,0,1,0,0
9.99,78,2009,0,1,0,0,0,0,0,0,0,0,0,0
9.99,70,2005,1,0,1,1,0,0,0,0,0,0,0,0
19.99,65,2009,0,0,0,1,0,0,0,0,0,0,0,0
19.99,91,2009,0,0,1,0,0,0,0,0,0,0,0,0
1.99,72,2009,0,0,0,0,0,0,0,0,0,0,0,1
19.99,78,2008,1,0,0,1,0,0,0,0,0,0,0,0
9.99,68,2010,0,0,1,1,0,1,0,0,0,0,0,0
9.99,68,2010,0,0,0,0,0,0,0,0,0,1,0,0
19.99,66,2010,1,0,0,0,0,0,0,0,0,0,0,0
9.99,87,2001,0,0,0,1,0,1,0,0,0,0,0,0
19.99,78,2010,0,0,1,1,0,0,0,0,0,0,0,0
4.99,76,2010,0,0,0,1,0,1,0,0,0,0,0,0
9.99,70,2010,0,0,0,1,0,0,0,0,0,0,0,0
9.99,70,2010,0,0,0,1,0,1,0,0,0,0,0,1
9.99,53,2010,0,1,0,0,0,0,0,0,0,1,0,0
4.99,79,2010,1,0,0,0,0,1,0,0,0,0,0,0
4.99,59,2003,0,0,0,1,0,0,0,0,0,0,0,0
4.99,67,2001,0,0,0,1,0,0,0,0,0,0,0,0
14.99,63,2010,1,0,0,1,0,0,0,0,0,0,0,0
14.99,72,2010,0,0,1,1,0,0,0,0,0,0,0,0
9.99,64,2010,0,0,0,1,0,0,0,0,0,0,0,0
14.99,56,2010,0,0,1,0,0,0,0,0,0,1,0,0
4.99,75,2010,0,0,0,0,0,1,0,0,0,0,0,1
9.99,61,2010,0,0,0,1,0,1,0,0,0,0,0,1
9.99,66,2010,0,0,0,1,0,0,0,0,0,0,0,0
9.99,56,2010,0,1,0,0,0,0,0,0,0,1,0,0
4.99,67,2010,0,0,0,0,0,0,0,0,0,1,0,0
29.99,77,2011,0,0,0,1,0,0,0,0,0,0,0,0
9.99,83,2010,0,0,1,0,0,0,0,0,0,0,0,1
9.99,72,2010,0,0,0,1,0,0,0,0,0,0,0,0
19.99,49,2010,0,1,0,0,0,0,0,0,0,0,0,0
19.99,79,2010,0,0,0,0,0,0,0,0,0,1,0,0
14.99,38,2010,0,1,0,0,0,1,0,0,0,1,0,0
19.99,75,2010,0,0,0,0,0,0,0,0,0,1,0,0
4.99,60,2002,0,0,0,0,0,0,0,0,0,1,0,0
4.99,81,2010,0,0,0,1,0,1,0,0,0,0,0,0
19.99,85,2010,1,0,0,1,0,1,0,0,0,0,0,0
19.99,82,2010,0,0,1,0,0,1,0,0,0,0,0,0
14.99,66,2010,0,0,0,0,0,0,0,0,0,1,0,0
14.99,78,2010,0,0,1,0,0,0,0,0,0,1,0,0
29.99,90,2010,0,0,0,0,0,0,0,0,0,1,0,0
9.99,85,2002,0,0,0,1,0,1,0,0,0,0,0,0
2.99,52,2010,1,0,0,1,0,0,0,0,0,0,0,0
9.99,63,2010,0,0,0,1,0,0,0,0,0,0,0,0
19.99,83,2010,1,0,0,1,0,0,0,0,0,0,0,0
4.99,67,1999,0,1,0,0,0,0,0,0,0,1,0,0
9.99,71,2010,0,0,0,0,0,0,0,0,0,1,0,0
19.99,72,2010,0,0,0,1,0,0,0,0,0,0,0,0
9.99,65,2010,0,0,1,0,0,1,0,0,0,1,0,0
19.99,63,2010,1,0,0,1,0,0,0,0,0,0,0,0
4.99,62,2010,1,0,0,0,0,1,0,0,0,0,0,1
9.99,84,2010,0,0,1,1,0,0,0,0,0,0,0,0
9.99,80,2010,0,0,0,0,1,1,0,0,0,0,0,0
14.99,77,2010,0,0,1,1,0,1,0,0,0,0,0,0
9.99,67,2010,0,0,0,1,0,1,0,0,0,0,0,0
9.99,68,2010,1,0,0,1,0,1,0,0,0,0,0,0
19.99,59,2010,0,0,0,1,0,0,0,0,0,0,0,0
4.99,75,2010,0,1,1,0,0,0,0,0,0,1,0,0
12.99,63,2010,1,0,0,0,0,0,0,0,0,0,0,0
39.99,81,2010,0,0,0,1,0,0,0,0,0,0,0,0
19.99,74,2010,1,0,0,0,0,0,0,0,0,0,0,0
9.99,93,2002,0,0,0,1,0,0,0,0,0,0,0,0
14.99,93,2005,0,0,0,1,0,0,0,0,0,0,0,0
9.99,94,2003,0,0,0,1,0,0,0,0,0,0,0,0
9.99,72,2011,0,0,0,1,0,1,0,0,0,0,0,0
4.99,68,2011,0,0,0,1,0,1,0,0,0,0,0,0
14.99,48,2011,0,0,0,1,0,1,0,0,0,1,0,0
19.99,87,2011,0,0,0,1,0,0,0,0,0,0,0,0
4.99,69,2011,1,0,0,0,0,0,0,0,0,0,0,0
4.99,82,2011,0,0,0,1,0,1,1,0,0,1,0,0
19.99,86,2009,0,1,0,0,0,0,0,0,0,0,0,0
19.99,81,2009,0,1,0,0,0,0,0,0,0,0,0,0
19.99,74,2010,0,1,0,0,0,0,0,0,0,0,0,0
19.99,74,2010,0,1,0,0,0,0,0,0,0,0,0,0
5.99,76,2011,0,0,0,1,0,1,0,0,0,0,0,1
19.99,76,2011,0,0,1,0,0,0,0,0,0,0,0,0
9.99,65,2011,0,0,1,0,0,0,0,0,0,1,0,0
9.99,77,2011,0,0,0,0,0,0,0,0,0,1,0,0
19.99,70,2011,0,0,0,1,0,0,0,0,0,0,0,0
9.99,70,2011,0,1,0,0,0,1,0,0,0,1,0,1
0.0,84,2013,0,0,1,0,0,0,0,0,1,0,1,0
9.99,34,2011,0,0,0,1,0,0,0,0,0,0,0,0
9.99,80,2011,0,0,0,1,0,1,0,0,0,1,0,0
14.99,66,2010,0,0,0,0,0,0,0,0,0,1,0,0
9.99,81,2011,0,0,0,0,0,0,0,0,0,1,0,0
9.99,53,2011,0,0,0,1,0,1,0,0,0,0,0,0
9.99,67,2011,0,0,0,0,0,0,0,0,0,1,0,0
19.99,95,2011,1,0,0,1,0,0,0,0,0,0,0,0
9.99,70,2011,0,0,0,1,0,1,0,0,0,1,0,1
24.99,85,2011,0,0,0,0,0,1,0,0,0,1,0,0
4.99,61,2011,1,0,0,1,0,0,0,0,0,0,0,0
9.99,77,2011,1,0,0,0,0,1,0,0,0,0,0,1
19.99,70,2011,0,1,0,0,0,0,0,0,0,0,0,0
7.99,67,2009,1,0,0,0,0,0,0,0,0,0,0,0
7.99,75,2005,1,0,0,0,0,0,0,0,0,0,0,0
14.99,72,2011,0,0,1,1,0,0,0,0,0,0,0,0
19.99,54,2011,0,0,0,1,0,0,0,0,0,0,0,0
0.0,72,2009,0,0,1,0,0,0,0,0,1,0,1,0
0.0,64,2011,1,0,1,1,0,1,0,0,1,0,1,0
19.99,77,2011,0,0,0,0,0,0,0,0,0,1,0,0
9.99,72,2011,0,0,0,0,0,1,0,0,0,0,0,1
19.99,74,2011,0,0,0,1,0,0,0,0,0,0,0,0
9.99,63,2011,1,0,0,0,0,0,0,0,0,0,0,1
0.99,75,2011,1,0,0,1,0,1,0,0,0,0,0,0
9.99,69,2011,1,0,1,0,0,1,0,0,0,0,0,0
14.99,78,2011,0,1,0,0,0,0,0,0,0,1,0,0
6.99,74,2011,0,0,0,1,0,1,0,0,0,0,0,0
9.99,74,2011,0,0,1,1,0,1,0,0,0,1,0,0
4.99,57,2011,0,0,1,1,0,0,0,0,0,0,0,0
14.99,63,2011,1,0,1,1,0,0,0,0,0,0,0,0
29.99,74,2011,0,0,0,1,0,0,0,0,0,0,0,0
7.99,68,2011,0,0,0,0,0,0,0,0,0,1,0,0
14.99,73,2012,0,0,0,1,0,1,0,0,0,0,0,0
9.99,74,2011,0,0,0,1,1,1,0,0,0,1,0,0
19.99,76,2011,0,1,0,1,0,0,0,0,0,0,1,0
9.99,51,2011,1,0,0,1,0,0,0,0,0,0,0,0
9.99,70,2011,0,1,1,0,0,0,0,0,0,1,0,0
9.99,78,2011,0,0,1,0,0,0,0,0,0,0,0,0
19.99,77,2011,0,0,1,0,0,0,0,0,0,1,0,0
14.99,81,2011,0,0,0,0,0,0,0,0,0,1,0,0
4.99,84,2011,1,0,1,1,0,1,0,0,0,0,0,0
4.99,60,2011,0,1,0,0,1,0,0,0,0,0,0,0
14.99,86,2007,0,0,0,0,0,0,0,0,0,1,0,0
18.99,70,2011,0,1,0,0,0,1,0,0,0,1,0,1
1.99,55,2011,0,0,0,1,0,0,0,0,0,0,0,0
5.99,65,2011,0,1,0,1,0,0,0,0,0,0,0,0
19.99,66,2011,1,0,0,1,0,0,0,0,0,0,0,0
14.99,63,2011,0,0,0,0,0,0,0,0,0,1,0,0
19.99,79,2011,0,1,0,0,0,0,0,0,0,0,0,0
4.99,64,2011,0,0,1,1,0,1,0,0,0,0,0,0
4.99,70,2011,0,0,1,0,0,1,0,0,0,0,0,0
9.99,57,2011,0,1,0,0,0,0,0,0,0,1,0,0
8.99,51,2011,0,0,0,1,0,1,0,0,0,0,0,0
0.0,72,2011,1,0,1,1,0,0,0,0,1,0,1,0
19.99,77,2011,0,0,0,1,0,0,0,0,0,0,0,0
19.99,83,2011,1,0,0,0,0,0,0,0,0,1,0,0
9.99,73,2011,0,0,0,0,1,1,0,0,0,0,0,0
19.99,92,2011,0,0,0,0,0,0,0,0,0,1,0,0
9.99,69,2011,0,0,0,1,0,0,0,0,0,0,0,0
9.99,75,2011,0,1,0,1,0,0,0,0,0,0,0,0
19.99,84,2013,1,0,0,1,0,1,0,0,0,0,0,0
9.99,83,2011,1,0,1,1,0,0,0,0,0,0,0,0
7.99,67,2012,0,0,0,0,0,1,0,0,0,1,0,0
9.99,66,2012,0,0,1,0,0,0,0,0,0,1,0,0
9.99,74,2005,0,0,0,1,0,1,0,0,0,0,0,0
0.0,76,2010,0,0,1,0,0,0,0,0,1,0,1,0
19.99,62,2012,0,1,1,0,0,0,0,0,0,1,0,0
9.99,62,2012,0,0,0,1,0,1,0,0,0,0,0,0
9.99,76,2012,0,0,0,0,0,0,0,0,0,1,0,0
9.99,81,2012,0,0,0,1,0,1,0,0,0,0,0,1
39.99,82,2012,0,1,1,0,0,0,0,0,0,1,0,0
9.99,83,2012,1,0,0,1,0,0,0,0,0,0,0,0
11.99,24,2011,0,0,0,1,0,0,0,0,0,0,0,0
13.99,46,2012,0,1,1,0,0,0,0,0,0,0,0,0
0.0,82,2012,0,0,1,1,0,1,0,0,1,0,1,0
19.99,86,2012,1,0,0,1,0,0,0,0,0,0,0,0
9.99,38,2012,0,0,0,1,0,0,0,0,0,0,0,0
19.99,81,2012,0,0,0,1,0,1,0,0,0,1,0,0
9.99,80,2012,1,0,0,0,0,1,0,0,0,0,0,0
2.99,81,2012,1,0,0,1,0,1,0,0,0,0,0,0
9.99,58,2012,0,0,0,0,0,0,0,0,0,1,0,0
3.99,74,2012,0,0,0,0,0,1,0,0,0,1,0,0
9.99,80,2012,1,0,0,0,0,0,0,0,0,0,0,1
14.99,73,2012,1,0,1,1,0,0,0,0,0,0,0,0
1.99,81,2012,1,0,0,0,0,1,0,0,0,1,0,0
29.99,86,2012,0,0,0,0,0,0,0,0,0,1,0,0
6.99,78,2012,0,1,0,0,0,0,0,0,0,1,0,0
9.99,72,2012,0,0,0,0,1,0,0,0,0,0,0,0
9.99,51,2012,0,0,1,1,0,0,0,0,0,1,0,0
9.99,69,2012,0,0,1,0,0,0,0,0,0,0,0,0
14.99,68,2012,0,0,0,1,0,0,0,0,0,0,0,0
9.99,62,2012,0,0,0,0,0,1,0,0,0,0,0,0
9.99,71,2012,0,1,0,1,0,0,0,0,0,1,0,1
29.99,48,2012,0,0,0,1,0,0,0,0,0,0,0,0
9.99,69,2012,0,1,0,0,0,1,0,0,0,1,0,0
19.99,76,2012,1,0,1,1,0,0,0,0,0,0,0,0
19.99,87,2012,0,0,0,1,0,0,0,0,0,0,0,0
0.0,86,2012,0,0,1,0,0,0,0,0,1,0,1,0
9.99,70,2012,0,0,0,0,0,1,0,0,0,0,0,1
14.99,52,2012,1,0,1,1,0,1,0,0,0,1,0,0
0.0,76,2012,1,0,1,1,0,0,0,0,1,0,1,0
19.99,75,2012,1,0,0,0,0,1,0,0,0,0,0,0
19.99,71,2012,0,0,0,1,0,0,0,0,0,0,0,0
8.99,77,2012,0,0,0,0,0,0,0,0,0,1,0,1
0.0,86,2012,0,0,0,1,0,0,0,0,1,0,0,0
5.99,81,2002,0,0,1,0,0,0,0,0,0,0,0,0
14.99,73,2012,0,0,0,1,0,0,0,0,0,0,0,0
19.99,82,2012,1,0,0,0,0,0,0,0,0,0,0,0
9.99,65,2012,0,0,0,1,0,1,0,0,0,1,0,0
4.99,75,2012,0,0,0,0,0,1,0,0,0,1,0,0
14.99,75,2012,0,0,0,1,0,0,0,0,0,1,0,0
14.99,83,2012,0,0,0,1,0,0,0,0,0,0,0,0
9.99,85,2005,0,0,1,0,0,0,0,0,0,0,0,0
9.99,76,2010,0,0,1,1,0,1,0,0,0,0,0,0
9.99,78,2012,0,0,0,0,0,1,0,0,0,0,0,0
19.99,91,2012,1,0,0,1,0,0,0,0,0,0,0,0
9.99,81,2011,1,0,1,0,0,1,0,0,0,0,0,0
9.99,80,2012,0,0,0,1,0,1,0,0,0,0,0,0
19.99,73,2012,1,0,0,0,0,0,0,0,0,0,0,0
19.99,44,2012,0,0,0,1,0,1,0,0,0,1,0,0
4.99,74,2012,1,0,0,0,0,1,0,0,0,0,0,0
29.99,78,2012,0,1,0,0,0,0,0,0,0,0,0,1
19.99,75,2012,1,0,0,0,0,1,0,0,0,0,0,0
19.99,84,2012,0,0,0,0,0,1,0,0,0,1,0,0
7.99,67,2012,0,0,0,1,0,1,0,0,0,0,0,0
14.99,77,2012,0,0,0,1,0,1,0,0,0,0,0,0
9.99,60,2012,0,0,0,0,0,0,0,0,0,1,0,1
9.99,85,2012,0,0,0,1,0,1,0,0,0,0,0,0
4.99,64,2012,1,1,0,1,0,1,0,0,0,0,0,0
14.95,78,2006,0,0,0,1,0,0,0,0,0,0,0,0
5.99,73,2004,0,0,1,0,0,0,0,0,0,0,0,0
9.99,59,2003,1,0,0,1,0,1,0,0,0,0,0,0
14.99,62,2012,0,0,0,0,1,0,0,0,0,0,0,0
19.99,78,2012,1,0,0,0,0,1,0,0,0,0,0,0
14.99,53,2012,0,0,0,0,0,1,0,0,0,1,0,0
9.99,77,2012,0,0,0,1,0,1,0,0,0,0,0,0
9.99,80,2012,1,0,0,1,0,1,0,0,0,0,0,0
12.99,66,2012,1,0,0,0,0,0,0,0,0,0,0,0
59.99,74,2012,0,0,0,1,0,0,0,0,0,0,0,0
14.99,76,2012,1,0,0,1,0,1,0,0,0,0,0,0
9.99,80,2012,0,0,0,1,0,1,0,0,0,0,0,0
7.99,84,2005,0,1,0,0,1,0,1,0,0,0,0,0
19.99,73,2012,1,0,0,0,0,1,0,0,0,0,0,0
9.99,72,2012,1,0,0,0,0,1,0,0,0,0,0,0
6.99,70,2003,1,0,0,1,0,0,0,0,0,0,0,0
6.99,77,2001,1,0,0,1,0,0,0,0,0,0,0,0
9.99,72,2012,1,0,0,0,0,1,0,0,0,0,0,0
9.99,73,2013,0,0,0,1,0,0,0,0,0,1,0,1
19.99,66,2013,0,1,0,1,0,1,0,0,0,0,0,0
14.99,68,2013,1,0,0,0,0,0,0,0,0,0,0,0
19.99,77,2013,0,1,0,1,0,0,0,0,0,0,0,0
29.99,85,2013,1,0,0,1,0,0,0,0,0,0,0,0
9.99,70,2013,0,0,0,1,0,1,0,0,0,0,0,0
6.99,79,2013,0,0,0,1,0,1,0,0,0,0,0,0
14.99,68,2013,1,0,0,1,0,1,0,0,0,1,0,0
19.99,71,2013,0,1,0,0,0,0,0,0,0,1,0,0
9.99,74,2013,1,1,0,0,0,1,0,0,0,0,0,0
19.99,85,2013,0,0,0,1,1,0,0,0,0,0,0,0
1.99,56,1997,0,0,0,1,0,1,0,0,0,0,0,0
29.99,69,2013,1,0,0,1,0,0,0,0,0,0,0,0
9.99,75,2013,1,0,0,1,0,1,0,0,0,0,0,0
9.99,61,2013,1,0,1,0,0,1,0,0,0,0,0,0
14.99,52,2013,0,1,0,0,0,1,1,0,0,1,0,0
7.99,68,2013,0,0,0,0,0,1,0,0,0,1,0,0
14.99,70,2013,1,0,0,0,0,1,0,0,0,0,0,0
9.99,71,2013,0,1,0,1,0,1,0,0,0,0,0,0
9.99,58,2013,0,0,0,1,0,0,0,0,0,0,0,0
19.99,74,2013,0,0,0,0,0,1,0,0,0,1,0,0
14.99,59,2013,0,0,1,1,0,0,0,0,0,0,0,0
4.99,75,2013,0,0,0,0,0,0,1,0,0,0,0,1
29.99,61,2013,0,0,0,0,0,1,0,0,0,1,0,0
14.99,77,2013,0,0,0,1,0,1,0,0,0,1,0,0
9.99,75,2013,0,1,0,0,0,1,0,0,0,1,0,0
4.99,49,2013,0,0,0,1,0,1,0,0,0,0,0,0
29.99,77,2013,1,0,0,1,0,0,0,0,0,0,0,0
14.99,88,2013,0,0,0,0,0,0,0,0,0,1,0,0
29.99,65,2013,1,0,0,1,0,0,0,0,0,0,0,0
9.99,58,2013,0,0,1,0,0,1,0,0,0,1,0,1
9.99,87,2013,0,0,1,1,0,0,0,0,0,0,0,0
19.99,80,2013,0,0,0,0,0,0,0,0,0,1,0,0
4.99,78,2013,1,0,0,0,0,0,0,0,0,0,0,0
9.99,41,2013,0,0,1,1,0,0,0,0,0,0,0,0
19.99,79,2013,0,0,0,0,1,0,1,0,0,0,0,0
9.99,74,2013,0,0,0,1,0,1,0,0,0,0,0,0
24.99,74,2013,1,0,0,0,0,0,0,0,0,0,0,0
9.99,67,2013,1,0,0,0,0,1,0,0,0,0,0,0
14.99,76,2013,1,0,1,0,0,1,0,0,0,1,0,0
14.99,20,2013,0,0,0,1,0,0,0,0,0,1,0,0
9.99,73,2013,0,0,0,1,0,1,0,0,0,1,0,0
9.99,72,2013,0,0,0,0,0,1,0,0,0,1,0,0
4.99,69,2013,0,0,0,1,0,0,0,0,0,0,0,0
14.99,67,2013,0,0,0,1,0,0,0,0,0,0,0,0
9.99,67,2013,0,0,0,0,0,1,0,0,0,0,0,0
9.99,75,2013,1,0,0,1,0,1,0,0,0,0,0,1
9.99,64,2012,0,0,1,0,0,1,0,0,0,0,0,0
4.99,80,2013,1,0,0,1,0,0,0,0,0,0,0,0
14.99,66,2013,1,0,0,1,0,0,0,0,0,0,0,1
24.99,73,2013,0,0,0,0,0,0,0,0,0,1,0,0
24.99,58,2013,0,0,0,0,0,1,0,0,0,1,0,0
9.99,72,2013,0,0,0,0,0,0,0,0,0,1,0,0
14.99,79,2015,0,0,0,1,0,1,0,0,0,0,0,0
9.99,69,2013,1,0,0,0,0,1,0,0,0,0,0,0
9.99,71,2013,1,0,0,0,0,1,0,0,0,0,0,0
9.99,68,2013,0,1,0,0,0,1,0,0,0,1,0,1
19.99,56,2013,0,0,0,1,0,0,0,0,0,1,0,0
19.99,80,2013,1,0,0,1,0,1,0,0,0,0,0,0
14.99,73,2013,1,0,0,0,0,1,0,0,0,0,0,0
14.99,77,2013,0,1,0,0,0,0,0,0,0,0,0,0
0.0,63,2013,0,0,1,1,0,0,0,0,1,0,1,0
14.99,69,2013,0,0,0,0,0,1,0,0,0,1,0,1
14.99,69,2013,1,0,0,1,0,1,0,0,0,0,0,1
4.99,77,2013,1,0,0,1,0,1,0,0,0,0,0,0
6.99,58,2013,0,1,0,1,1,0,1,0,0,0,0,0
19.99,68,2013,1,0,0,1,0,0,0,0,0,1,0,1
19.99,52,2013,0,0,0,1,0,0,0,0,0,0,0,0
6.99,86,2001,0,1,0,0,0,0,0,0,0,0,0,0
14.99,88,2013,1,0,0,0,0,1,0,0,0,0,0,0
7.99,78,2013,0,0,0,0,0,1,0,0,0,0,0,1
24.99,85,2013,1,0,0,0,0,0,0,0,0,0,0,0
4.99,80,2013,0,0,0,1,0,1,0,0,0,0,0,0
6.99,77,2001,0,0,1,0,0,0,0,0,0,0,0,0
9.99,59,2013,1,0,0,0,0,1,0,0,0,0,0,0
14.99,68,2013,1,1,1,1,0,0,0,0,0,1,0,0
19.99,80,2013,1,0,0,0,0,1,0,0,0,0,0,0
19.99,91,2013,0,0,1,1,0,0,0,0,0,0,0,0
9.99,62,2013,1,0,0,1,0,1,0,0,0,0,0,0
1.99,65,2014,0,0,0,1,0,1,0,0,0,0,0,0
9.99,65,2013,1,0,0,1,0,1,0,0,0,0,0,0
14.99,59,2013,1,0,0,1,0,1,0,0,0,0,0,0
6.99,66,2013,1,0,0,1,0,0,0,0,0,0,0,0
9.99,55,2008,1,0,0,1,0,0,0,0,0,0,0,0
24.99,59,2013,1,0,0,1,0,0,0,0,0,0,0,0
13.98,79,2013,0,1,1,1,0,0,0,0,0,0,0,0
9.99,81,2013,0,0,0,1,0,1,0,0,0,0,0,0
14.99,82,2013,1,0,1,0,0,1,0,0,0,1,0,1
6.99,67,2013,0,0,0,1,0,1,0,0,0,0,0,0
19.99,49,2013,0,1,0,0,0,0,0,0,0,1,0,0
9.99,77,2013,0,0,1,1,0,1,0,0,0,0,0,0
9.99,67,2013,0,1,1,0,0,1,0,0,0,1,0,0
9.99,68,2013,1,0,0,1,0,1,0,0,0,0,0,0
8.99,73,2013,0,0,0,1,0,0,0,0,0,0,0,0
29.99,86,2013,0,0,0,0,0,0,0,0,0,1,0,0
9.99,61,2013,0,0,0,1,0,1,0,0,0,1,0,0
9.99,77,2013,0,1,1,0,0,0,0,0,0,1,0,0
4.99,75,2013,0,0,1,1,0,1,0,0,0,0,0,0
4.99,39,2013,1,0,0,0,0,1,0,0,0,0,0,0
4.99,78,2001,0,0,0,1,0,0,0,0,0,1,0,0
6.99,82,1997,1,0,0,0,0,0,0,0,0,0,0,0
4.99,66,2004,1,0,0,0,0,0,0,0,0,0,0,0
4.99,68,2002,1,0,0,0,0,0,0,0,0,0,0,0
14.99,55,2013,1,0,0,1,0,1,0,0,0,0,0,0
9.99,81,2012,1,0,0,0,0,1,0,0,0,0,0,0
4.99,66,2013,0,0,0,0,0,1,0,0,0,0,0,1
0.0,74,2013,1,0,1,1,0,0,0,0,1,0,1,0
5.99,74,2014,0,0,0,0,0,1,0,0,0,0,0,0
7.99,80,2005,1,0,1,1,0,0,0,0,0,0,0,0
14.99,69,2006,1,0,0,1,0,0,0,0,0,0,0,0
4.99,64,2005,0,0,0,1,0,0,0,0,0,0,0,0
9.99,66,2014,1,0,1,1,0,1,0,0,0,0,0,0
9.99,81,2014,0,0,0,1,0,1,1,0,0,0,0,0
4.99,55,2014,0,0,0,1,0,1,0,0,0,0,0,0
9.99,74,2014,0,0,0,1,0,1,0,0,0,1,0,0
4.99,73,2013,1,0,1,0,0,1,0,0,0,0,0,0
14.99,74,2014,0,0,1,1,0,1,0,0,0,0,0,0
15.99,58,2014,0,0,0,0,0,1,0,0,0,1,1,0
9.99,80,2001,0,0,0,0,0,0,0,0,0,1,0,0
7.99,77,2014,0,0,0,0,0,1,0,0,0,1,0,0
14.99,69,2014,1,0,0,1,0,1,0,0,0,0,0,0
14.99,45,2014,1,0,1,0,0,0,0,0,0,1,0,0
14.99,66,2014,1,0,0,0,0,1,0,0,0,0,0,0
9.99,67,2014,1,0,1,0,0,1,0,0,0,0,0,0
9.99,84,2014,0,0,0,1,0,1,0,0,0,0,0,0
9.99,66,2013,0,0,1,0,0,1,0,0,0,0,0,0
39.99,58,2014,1,0,0,1,0,0,0,0,0,0,0,0
7.99,51,2014,0,0,1,0,0,1,0,0,0,1,0,0
9.99,53,2014,0,0,1,1,0,1,0,0,0,0,0,0
0.99,62,2014,1,0,0,0,0,1,0,0,0,0,0,0
14.99,87,2014,0,0,0,1,0,1,0,0,0,0,0,0
9.99,60,2014,0,0,0,1,0,1,0,0,0,0,0,1
9.99,45,2014,1,0,1,1,0,0,0,0,0,0,0,0
9.99,80,2014,0,1,0,1,0,1,0,0,0,0,0,0
14.99,80,2014,0,0,0,1,0,0,0,0,0,0,0,0
19.99,72,2014,0,0,0,1,0,1,0,0,0,0,0,0
19.99,76,2014,1,0,1,1,0,1,0,0,0,0,0,0
9.99,71,2011,1,0,0,0,0,0,0,0,0,0,0,0
9.99,52,2004,0,0,0,1,0,0,0,0,0,0,0,0
3.99,77,2004,0,0,0,0,0,0,0,0,0,1,0,0
3.99,54,2006,0,0,0,1,0,0,0,0,0,0,0,0
4.99,77,2014,1,0,0,0,0,1,0,0,0,0,0,0
4.99,61,2013,1,0,0,0,0,1,0,0,0,0,0,0
9.99,79,2014,0,0,1,1,0,1,0,0,0,0,0,0
5.99,53,1996,1,0,0,0,0,0,0,0,0,0,0,0
2.99,70,2014,0,0,0,1,0,0,0,0,0,0,0,0
4.99,67,2014,1,0,0,0,0,0,0,0,0,0,0,1
2.99,35,2004,0,0,1,0,0,0,0,0,0,0,0,0
2.99,65,2003,0,0,0,0,1,0,0,0,0,0,0,1
9.99,73,2002,0,0,0,0,0,0,0,0,0,1,0,0
4.99,70,2014,1,0,0,0,0,0,0,0,0,0,0,1
3.99,41,2006,0,1,0,0,0,0,0,0,0,1,0,0
7.99,56,2014,0,0,0,1,0,1,0,0,0,0,0,0
2.99,57,2014,0,0,0,0,1,1,1,0,0,0,0,0
14.99,72,2014,1,0,0,0,0,1,0,0,0,0,0,1
9.99,64,2003,0,0,0,0,0,0,0,0,0,1,0,0
4.99,72,2014,0,0,0,1,0,1,0,0,0,0,0,0
19.99,72,2014,1,0,0,1,0,1,0,0,0,0,0,0
14.99,55,2014,1,0,0,0,0,1,0,0,0,0,0,0
14.99,85,2014,1,0,0,1,0,1,0,0,0,0,0,1
4.99,67,2008,1,0,0,0,0,1,0,0,0,0,0,0
9.99,72,2014,1,0,0,0,0,1,0,0,0,0,0,1
29.99,68,2014,0,1,0,1,0,0,0,0,0,1,0,0
3.99,72,2006,0,0,0,0,0,0,0,0,0,1,0,0
19.99,75,2014,0,1,1,0,0,0,0,0,0,1,0,0
9.99,84,2014,0,1,0,0,0,0,0,0,0,1,0,0
9.99,70,2014,0,0,0,1,0,1,0,0,0,1,0,0
7.99,74,2014,1,0,0,0,0,1,0,0,0,0,0,1
9.99,76,2014,1,0,0,1,0,1,0,0,0,0,0,0
5.99,70,2014,1,0,0,0,0,1,0,0,0,0,0,0
4.99,57,2014,0,1,1,1,0,1,0,0,0,0,1,0
19.99,59,2014,1,0,0,1,0,1,0,0,0,0,0,0
4.99,68,2014,1,0,0,0,0,1,0,0,0,0,0,1
29.99,52,2014,0,0,0,1,0,0,0,0,0,0,0,0
24.99,77,2014,0,1,0,0,0,1,0,0,0,1,0,0
9.99,65,2003,1,0,0,0,0,0,0,0,0,0,0,0
19.99,76,2014,0,1,0,0,1,0,1,0,0,0,0,0
39.99,87,2014,1,0,1,0,0,1,0,0,0,1,0,0
0.0,62,2014,0,0,0,1,0,0,0,0,1,0,1,0
9.99,72,2014,1,0,0,1,0,1,0,0,0,1,0,1
4.99,79,2014,0,1,0,0,0,0,0,0,0,1,0,0
9.99,60,2014,0,0,0,0,0,0,0,0,0,1,0,0
19.99,63,2014,0,0,0,0,0,0,0,0,0,1,0,0
2.99,66,2001,1,0,0,0,0,0,0,0,0,0,0,1
9.99,82,2014,0,0,0,0,0,1,0,0,0,0,0,0
14.99,83,2014,0,0,0,1,0,1,0,0,0,0,0,0
6.99,70,2014,0,0,0,1,0,1,0,0,0,0,0,0
4.99,73,2014,1,0,0,0,0,1,0,0,0,0,0,0
19.99,85,2014,0,0,1,0,0,0,0,0,0,0,0,0
14.99,57,2014,0,0,1,1,0,0,0,0,0,0,0,0
2.99,78,2014,0,0,0,0,1,0,1,0,0,0,0,0
14.99,75,2014,0,0,0,0,0,1,0,0,0,0,0,0
9.99,59,2014,0,1,0,1,0,1,0,0,0,0,0,0
3.99,63,2004,0,1,0,1,0,0,0,0,0,0,0,0
14.99,56,2014,0,0,0,1,0,1,0,0,0,0,0,0
14.99,80,2014,1,0,0,1,0,1,0,0,0,0,0,0
14.99,68,2014,1,0,0,0,0,1,0,0,0,0,0,0
2.99,63,2003,1,0,0,0,0,0,0,0,0,0,0,0
14.99,80,2014,0,0,0,1,0,1,0,0,0,0,0,0
19.99,78,2014,1,0,0,0,0,1,0,0,0,0,0,0
19.99,76,2014,0,0,0,1,0,0,0,0,0,0,0,0
39.99,69,2014,0,0,1,1,0,1,0,0,0,0,0,0
14.99,60,2013,1,0,1,1,0,0,0,0,0,0,0,0
19.99,76,2014,0,1,0,1,0,1,0,0,0,1,0,0
29.99,61,2014,1,0,0,1,0,0,0,0,0,0,0,0
29.99,82,2014,0,0,1,0,0,0,0,0,0,1,0,0
0.0,76,2014,1,0,1,0,0,0,0,0,1,1,1,0
9.99,72,2014,0,0,0,1,0,1,0,0,0,0,0,0
9.99,54,2006,0,0,0,1,0,0,0,0,0,0,0,0
11.99,82,2014,0,0,1,0,0,0,0,0,0,1,0,0
39.99,87,2014,1,0,1,0,0,1,0,0,0,1,0,0
49.99,65,2014,0,1,0,0,0,0,0,0,0,1,0,0
14.99,81,2014,0,0,0,0,0,1,0,0,0,1,0,0
14.99,73,2014,0,0,1,0,0,0,0,0,0,0,0,0
29.99,77,2014,1,0,0,0,0,0,0,0,0,0,0,0
9.99,84,2014,1,0,0,1,0,0,0,0,0,0,0,0
4.99,66,2014,1,0,0,0,0,1,0,0,0,0,0,0
9.99,63,2014,1,0,0,0,0,1,0,0,0,0,0,0
19.99,61,2009,1,0,0,1,0,0,0,0,0,0,0,0
29.99,71,2014,0,0,0,1,0,0,0,0,0,0,0,0
14.99,68,2014,1,0,1,0,0,0,0,0,0,0,0,1
9.99,84,2003,0,0,0,1,0,0,0,0,0,0,0,0
18.99,71,2017,0,0,1,1,0,1,0,0,0,0,0,0
19.99,68,2014,0,0,0,1,0,0,0,0,0,0,0,0
14.99,84,2014,0,1,0,0,0,1,0,0,0,1,0,0
29.99,61,2014,0,0,0,0,1,0,1,0,0,0,0,0
14.99,71,2014,0,0,0,1,0,1,0,0,0,0,0,0
9.99,49,2014,0,1,0,0,0,1,0,0,0,1,0,0
9.99,66,2014,0,0,0,1,1,1,0,0,0,0,0,0
19.99,64,2014,0,1,0,0,0,0,0,0,0,0,0,0
9.99,70,2014,0,0,1,0,0,1,0,0,0,1,0,0
3.99,66,2014,1,0,1,0,0,1,0,0,0,0,0,0
14.99,69,2014,0,0,0,0,1,0,0,0,0,0,0,0
29.99,72,2014,0,0,1,0,0,0,0,0,0,1,0,0
14.99,76,2014,1,0,0,0,0,1,0,0,0,0,0,0
19.99,57,2014,1,0,0,0,0,1,0,0,0,0,0,0
4.99,63,2014,1,0,1,0,0,1,0,0,0,1,0,1
29.99,80,2014,1,0,0,1,0,0,0,0,0,0,0,0
4.99,55,2014,0,0,0,1,0,1,0,0,0,0,0,0
14.99,52,2014,1,0,0,0,0,0,0,0,0,0,0,0
7.99,73,2014,0,0,0,0,0,1,0,0,0,0,0,1
9.99,68,2014,1,0,0,0,0,0,0,0,0,1,0,0
14.99,78,2014,1,0,1,0,0,1,0,0,0,0,0,0
19.99,65,2014,1,0,0,1,0,1,0,0,0,0,0,1
9.99,78,2014,1,0,1,0,0,1,0,0,0,0,0,0
12.99,68,2014,0,0,0,0,0,1,0,0,0,0,0,0
4.99,59,2014,0,0,0,1,0,1,0,0,0,0,0,0
19.99,80,2014,1,0,0,1,0,0,0,0,0,0,0,0
14.99,84,2016,0,0,0,1,1,1,1,0,0,0,0,1
3.99,61,2015,0,0,0,1,0,1,0,0,0,0,0,0
19.99,78,2015,1,0,1,0,0,1,0,0,0,1,0,0
4.99,57,2015,1,0,0,0,0,1,0,0,0,0,0,1
6.99,49,2015,1,0,0,1,0,1,0,0,0,0,0,0
19.99,82,2015,1,0,0,1,0,0,0,0,0,0,0,0
29.99,77,2015,0,0,0,0,0,0,0,0,0,1,0,0
9.99,61,2009,1,0,1,1,0,1,0,0,0,0,0,0
9.99,66,2015,1,0,0,0,0,0,0,0,0,0,0,1
9.99,77,2015,0,0,0,1,0,1,0,0,0,0,0,0
4.99,76,2015,1,0,1,1,0,1,0,0,0,1,0,1
14.99,78,2015,1,0,1,1,0,1,0,0,0,0,0,0
18.99,81,2015,1,0,1,0,0,1,0,0,0,0,0,0
19.99,78,2015,0,0,1,1,0,1,0,0,0,0,0,0
14.99,66,2015,1,0,1,1,0,1,0,0,0,0,0,0
6.99,66,2015,1,0,0,0,0,1,0,0,0,0,0,0
19.99,87,2015,1,0,0,1,0,1,0,0,0,0,0,0
34.99,86,2015,0,1,0,0,0,0,0,0,0,1,0,0
14.99,70,2015,1,0,0,1,0,0,0,0,0,0,0,0
14.99,68,2015,1,0,0,0,0,0,0,0,0,0,0,0
4.99,67,2015,0,0,0,1,0,1,0,0,0,0,0,0
14.99,58,2015,1,0,0,0,0,1,0,0,0,0,0,1
14.99,64,2015,0,0,0,0,0,0,0,0,0,1,0,0
14.99,74,2015,1,0,1,1,0,1,0,0,0,0,0,0
9.99,55,2015,1,0,0,1,0,1,0,0,0,0,0,0
9.99,62,2015,0,0,0,0,0,0,0,0,0,1,0,0
9.99,80,2001,0,1,0,0,0,0,0,0,0,1,0,0
14.99,75,2015,0,0,1,0,0,1,0,0,0,1,0,0
0.0,80,2015,0,0,1,0,0,0,0,0,1,0,1,0
14.99,70,2005,1,0,0,0,0,1,0,0,0,0,0,0
39.99,68,2015,0,1,0,0,1,0,1,0,0,0,0,0
11.99,74,2015,1,0,0,1,0,1,0,0,0,0,0,0
9.99,69,2015,0,0,0,1,0,1,0,0,0,1,0,0
9.99,63,2010,1,0,0,0,0,1,0,0,0,0,0,1
39.99,79,2015,0,0,1,1,0,0,0,0,0,0,0,0
29.99,65,2015,0,0,0,0,0,1,0,0,0,1,0,0
14.99,70,2008,1,0,0,0,0,1,0,0,0,0,0,0
12.99,59,2015,0,0,0,1,0,0,0,0,0,0,0,0
9.99,70,2015,0,0,0,0,0,1,0,0,0,0,0,0
19.99,70,2015,1,0,0,0,0,1,0,0,0,0,0,0
14.99,66,2015,1,0,0,1,0,1,0,0,0,0,0,0
5.99,68,2015,1,0,0,0,0,1,0,0,0,0,0,0
14.99,72,2015,1,0,1,1,0,1,0,0,0,1,0,0
9.99,76,2015,1,0,0,1,1,1,0,0,0,0,0,0
9.99,81,2015,0,0,0,1,0,0,0,0,0,0,0,1
14.99,87,2015,0,0,1,1,0,1,0,0,0,0,0,0
3.99,56,2004,0,1,0,1,0,0,0,0,0,0,0,0
19.99,70,2015,0,1,1,0,0,0,0,0,0,1,0,0
0.0,77,2015,1,0,1,1,0,0,0,0,1,0,1,0
4.99,47,2015,1,0,0,0,0,1,0,0,0,0,0,0
9.99,63,2014,0,0,0,0,0,1,1,0,0,0,0,0
14.99,68,2015,0,0,0,1,0,1,0,0,0,0,0,1
14.99,74,2015,0,0,0,1,1,1,0,0,0,0,0,0
9.99,61,2015,1,0,1,1,0,1,0,0,0,0,0,0
29.99,81,2015,0,0,0,0,0,1,0,0,0,1,0,0
17.99,62,2015,0,0,0,1,0,1,0,0,0,0,0,0
14.99,64,2015,1,0,1,1,0,1,0,0,0,0,0,0
9.99,79,2015,1,0,0,1,0,1,0,0,0,0,0,0
5.99,85,2015,0,0,0,1,0,1,0,0,0,0,0,0
9.99,73,2015,0,1,0,0,0,1,0,0,0,0,0,0
14.99,72,2015,1,0,0,0,0,1,0,0,0,0,0,0
19.99,73,2015,0,0,0,0,0,1,0,0,0,1,0,0
8.99,43,2015,0,0,0,1,0,1,0,0,0,0,0,0
4.99,71,2015,0,0,1,1,0,1,0,0,0,1,0,1
12.99,82,2015,0,0,0,1,0,1,0,0,0,0,0,0
19.99,68,2015,0,0,0,1,0,1,0,0,0,1,0,0
19.99,72,2015,1,0,0,1,0,0,0,0,0,0,0,0
19.99,86,2015,0,0,0,1,1,1,1,0,0,0,0,0
39.99,61,2015,0,0,0,0,1,0,1,0,0,0,0,0
9.99,85,2016,0,0,0,0,0,0,0,0,0,0,0,1
14.99,69,2015,0,1,0,0,0,1,0,0,0,0,0,0
0.0,80,2015,0,0,1,0,0,0,0,0,1,1,0,0
7.99,51,2015,0,0,0,1,0,1,0,0,0,1,0,0
12.99,65,2015,1,0,0,0,0,1,0,0,0,0,0,0
19.99,75,2015,1,0,1,1,0,1,0,0,0,0,0,0
4.99,43,2015,1,0,0,0,0,1,0,0,0,0,0,0
0.0,61,2008,0,0,0,0,0,1,0,0,1,1,1,0
29.99,66,2015,0,0,1,0,0,0,0,0,0,0,0,0
4.99,68,2015,1,0,0,1,0,1,0,0,0,0,0,0
14.99,70,2015,0,0,0,1,0,1,0,0,0,0,0,0
14.99,82,2015,0,0,0,1,0,1,1,0,0,0,0,0
9.99,82,2015,0,1,0,0,0,1,0,0,0,0,0,0
4.99,58,2015,0,0,0,0,0,1,0,0,0,0,0,0
29.99,69,2015,0,0,1,1,0,0,0,0,0,0,0,0
19.99,65,2015,1,0,0,1,0,0,0,0,0,0,0,0
13.99,68,2015,0,0,1,1,0,1,0,0,0,0,0,0
0.0,46,2015,0,1,0,0,0,1,0,0,1,0,0,1
6.99,55,2015,0,0,0,1,0,1,0,0,0,0,0,0
7.99,55,2007,0,0,1,0,0,0,0,0,0,0,0,0
9.99,66,2015,1,0,0,1,0,1,0,0,0,0,0,0
7.99,49,2015,1,0,0,0,0,1,0,0,0,0,0,0
14.99,70,2015,1,0,0,0,0,1,0,0,0,0,0,0
24.99,72,2015,0,1,0,0,0,1,0,0,0,1,0,0
6.99,55,2015,1,0,0,0,0,1,0,0,0,0,0,0
9.99,53,2015,1,0,0,1,0,1,0,0,0,0,0,0
19.99,73,2015,1,0,0,1,0,0,0,0,0,0,0,0
59.99,70,2015,0,0,0,0,0,0,0,0,0,1,0,0
19.99,91,2015,1,0,0,1,0,0,0,0,0,0,0,0
0.0,83,2015,0,0,0,1,0,0,0,0,1,0,0,0
9.99,68,2015,0,0,0,1,0,1,0,0,0,0,0,0
14.99,75,2015,0,0,1,0,0,0,0,0,0,1,0,0
9.99,80,2015,1,0,0,0,0,1,0,0,0,0,0,0
9.99,92,2015,0,0,1,0,0,1,0,0,0,0,0,0
9.99,69,2015,0,1,0,0,0,1,0,0,0,1,0,1
11.99,40,2015,1,0,0,0,0,1,0,0,0,0,0,0
29.99,84,2015,1,0,0,1,0,1,0,0,0,0,0,0
14.99,79,2015,1,0,0,1,0,1,0,0,0,0,0,0
9.99,57,2015,1,0,0,0,0,1,0,0,0,0,0,0
29.99,83,2015,0,1,0,0,0,1,0,0,0,1,0,0
7.99,68,2015,0,0,0,0,0,1,0,0,0,0,0,0
2.99,81,2015,1,0,0,1,0,1,0,0,0,0,0,0
14.99,78,2015,1,0,0,1,0,1,0,0,0,0,0,0
14.99,83,2015,1,0,0,1,0,1,0,0,0,0,0,1
14.99,74,2015,1,0,1,1,0,0,0,0,0,1,0,0
49.99,77,2015,0,0,1,0,0,0,0,0,0,0,0,0
14.99,47,2015,1,1,0,0,0,0,0,0,0,0,0,0
4.99,74,2015,0,1,0,0,0,1,0,0,0,1,0,0
12.99,67,2015,1,0,0,0,0,0,0,0,0,0,0,0
39.99,94,2015,1,0,1,0,0,1,0,0,0,1,0,0
8.99,84,2015,1,0,0,0,0,1,0,0,0,0,0,0
10.99,85,2015,1,0,0,1,0,0,0,0,0,0,0,0
39.99,72,2015,0,1,0,0,0,0,0,0,0,1,0,0
59.99,73,2015,1,0,0,1,0,0,0,0,0,0,0,0
44.99,79,2015,1,0,1,1,0,1,0,0,0,0,0,0
9.99,82,2015,1,0,0,1,0,1,0,0,0,0,0,0
39.99,63,2015,0,1,1,1,0,1,0,0,0,0,0,0
39.99,74,2015,0,0,1,0,0,0,0,0,0,1,0,0
6.99,69,2015,0,0,0,1,0,1,0,0,0,0,0,0
9.99,66,2015,1,0,1,1,0,0,0,0,0,0,0,0
24.99,68,2015,0,1,0,0,1,0,1,0,0,0,0,0
49.99,74,2015,1,0,0,1,0,0,0,0,0,0,0,0
19.99,69,2015,0,1,0,0,0,1,0,0,0,1,0,0
49.99,80,2015,0,0,0,1,0,0,0,0,0,0,0,0
29.99,84,2015,0,0,0,1,0,0,0,0,0,0,0,0
9.99,54,2015,1,0,0,0,0,1,0,0,0,0,0,0
9.99,73,2016,0,0,1,0,0,1,0,0,0,1,0,0
14.99,61,2016,0,0,1,0,0,1,0,0,0,1,0,0
9.99,78,2016,1,0,0,0,0,1,0,0,0,0,0,0
19.99,80,2016,1,0,0,0,0,1,0,0,0,0,0,0
29.99,81,2016,1,0,1,1,0,0,0,0,0,0,0,0
49.99,79,2016,0,0,0,0,0,0,0,0,0,1,0,0
39.99,87,2016,1,0,0,0,0,1,0,0,0,0,0,0
0.0,63,2016,0,0,0,0,0,1,0,0,1,1,1,0
19.99,79,2016,0,0,1,1,0,0,0,0,0,0,0,0
10.99,75,2016,1,0,0,0,0,1,0,0,0,0,0,0
9.99,71,2004,0,0,0,1,0,0,0,0,0,0,0,0
6.99,54,2016,1,0,0,0,0,1,0,0,0,0,0,0
4.99,40,2016,1,0,0,0,0,1,0,0,0,1,0,0
14.99,68,2016,0,0,1,1,0,1,0,0,0,0,0,0
9.99,58,2016,0,0,0,1,0,1,0,0,0,0,0,0
19.99,72,2016,1,0,0,0,0,1,0,0,0,0,0,0
39.99,74,2016,0,0,0,1,0,0,0,0,0,0,0,0
9.99,64,2016,1,0,0,0,0,1,0,0,0,0,0,0
9.99,43,2016,0,0,0,1,0,0,0,0,0,0,0,0
9.99,59,2016,0,1,0,0,0,1,0,0,0,1,0,0
9.99,78,2016,0,0,1,1,0,1,0,0,0,0,0,0
19.99,82,2016,1,0,0,0,0,0,0,0,0,0,0,0
14.99,73,2016,1,0,0,1,0,1,0,0,0,0,0,0
7.99,72,2016,0,0,0,0,0,0,0,0,0,1,0,0
16.99,53,2016,1,0,0,1,0,0,0,0,0,0,0,0
14.99,74,2016,0,0,1,0,0,0,0,0,0,0,0,0
24.99,82,2016,0,0,0,1,0,1,0,0,0,0,0,0
9.99,78,2016,1,0,1,0,0,1,0,0,0,0,0,0
9.99,68,2016,1,0,0,0,0,1,0,0,0,0,0,0
9.99,82,2016,0,0,0,1,0,1,0,0,0,0,0,0
39.99,40,2016,1,0,0,1,0,0,0,0,0,0,0,0
14.99,63,2016,1,0,0,0,0,0,0,0,0,0,0,0
19.99,81,2016,1,0,0,0,0,1,0,0,0,0,0,0
19.99,66,2016,0,0,1,1,0,1,0,0,0,0,0,0
19.99,80,2016,1,0,0,0,0,1,0,0,0,0,0,1
19.99,84,2016,1,0,1,1,0,1,0,0,0,0,0,0
19.99,74,2015,1,0,0,0,0,1,0,0,0,0,0,0
9.99,67,2016,0,0,1,1,0,1,0,0,0,0,0,0
14.99,53,2016,1,0,1,1,0,0,0,0,0,0,0,0
14.99,71,2016,1,0,1,0,0,1,0,0,0,0,0,0
19.99,58,2016,1,0,0,1,0,1,0,0,0,0,0,0
9.99,70,2016,1,0,0,0,0,1,0,0,0,0,0,0
19.99,88,2016,0,0,0,1,0,0,0,0,0,0,0,0
19.99,78,2016,0,1,0,0,0,1,0,0,0,1,0,0
9.99,52,2016,1,0,0,1,0,1,0,0,0,0,0,0
14.99,59,2016,1,0,0,0,0,1,0,0,0,0,0,0
14.99,77,2016,1,0,0,0,0,1,0,0,0,0,0,0
9.99,69,2016,0,0,0,0,0,1,0,0,0,0,0,1
24.99,69,2016,0,1,0,0,0,0,0,0,0,1,0,0
11.99,57,2016,1,0,1,1,0,1,0,0,0,0,0,0
29.99,54,2016,1,0,0,1,0,0,0,0,0,0,0,0
17.99,84,2016,0,0,1,1,0,1,0,0,0,0,0,0
14.99,71,2016,0,0,1,0,0,1,0,0,0,1,0,0
19.99,83,2016,0,0,0,0,0,1,0,0,0,1,0,0
9.99,55,2016,1,1,0,1,1,1,0,0,0,0,0,1
19.99,53,2016,0,1,1,0,0,1,0,0,0,1,0,0
9.99,73,2016,0,1,0,0,0,1,0,0,0,1,0,0
49.99,65,2016,1,0,0,1,0,0,0,0,0,0,0,0
14.99,54,2016,0,0,0,0,1,0,0,0,0,0,0,0
9.99,82,2016,0,0,1,0,0,0,0,0,0,0,1,0
19.99,76,2016,0,0,0,1,0,0,0,0,0,0,0,0
9.99,61,2016,1,0,0,1,0,1,0,0,0,0,0,0
9.99,82,2016,0,0,0,1,0,1,1,0,0,0,0,0
34.99,76,2016,1,0,0,0,0,0,0,0,0,0,0,0
49.99,79,2016,0,0,0,1,0,0,0,0,0,0,0,0
9.99,36,2016,1,0,0,0,0,1,0,0,0,0,0,0
14.99,79,2016,1,0,0,0,0,1,0,0,0,0,0,0
6.99,46,2016,1,0,0,1,0,1,0,0,0,0,0,0
7.99,64,2016,0,0,0,1,0,1,0,0,0,0,0,0
14.99,81,2016,1,0,1,1,0,1,0,0,0,0,0,1
14.99,70,2016,1,0,0,0,0,1,0,0,0,0,0,0
5.99,78,2016,1,0,0,1,0,1,0,0,0,0,0,1
19.99,74,2016,0,0,0,1,0,0,0,0,0,0,0,0
19.99,62,2016,0,1,1,0,0,0,0,0,0,1,0,0
14.99,75,2016,1,0,0,1,1,1,0,0,0,0,0,0
19.99,67,2016,1,0,0,0,0,0,0,0,0,0,0,0
29.99,55,2016,1,0,1,0,0,0,0,0,0,0,0,0
2.99,77,2016,1,1,1,0,0,1,0,0,0,0,0,0
9.99,71,2016,1,0,0,0,0,1,0,0,0,0,0,1
59.99,86,2016,0,1,0,0,1,0,1,0,0,0,0,0
29.99,79,2016,0,0,0,1,0,0,0,0,0,1,0,0
59.99,83,2016,0,0,1,1,0,0,0,0,0,0,0,0
5.99,80,1999,1,0,0,0,0,0,0,0,0,0,0,0
9.99,74,2006,0,1,0,0,0,0,0,0,0,1,0,0
14.99,79,2016,1,0,0,0,0,1,0,0,0,0,0,0
19.99,74,2016,1,0,0,0,0,0,0,0,0,0,0,0
12.99,73,2016,0,0,0,1,0,1,0,0,0,0,0,0
14.99,76,2016,1,0,0,1,0,1,0,0,0,0,0,0
19.99,70,2016,1,0,0,1,0,1,0,0,0,0,0,0
14.99,71,2016,0,1,1,0,0,1,0,0,0,1,0,0
19.99,57,2016,1,0,0,0,0,1,0,0,0,0,0,0
9.99,63,2016,1,0,0,0,0,1,0,0,0,0,0,0
12.99,80,2016,0,0,0,1,0,0,0,0,0,0,0,0
14.99,57,2016,1,0,1,0,0,1,0,0,0,0,0,0
59.99,90,2016,0,0,0,0,0,0,1,0,0,0,0,0
0.0,79,2016,0,0,0,1,0,1,0,0,1,1,0,0
14.99,71,2016,0,0,0,1,0,1,0,0,0,0,0,0
9.99,72,2016,1,0,0,1,0,1,0,0,0,0,0,0
14.99,76,2016,0,0,0,1,0,1,0,0,0,0,0,0
10.99,78,2016,1,0,1,0,0,1,0,0,0,0,0,0
14.99,71,2016,0,0,0,0,1,1,0,0,0,0,0,1
9.99,81,2016,0,0,0,0,0,1,0,0,0,0,0,0
19.99,71,2016,0,1,0,0,0,0,0,0,0,1,0,0
9.99,77,2016,1,1,0,0,0,1,0,0,0,0,0,0
59.99,88,2016,0,0,0,0,0,0,0,0,0,1,0,0
24.99,69,2016,0,1,0,0,0,0,0,0,0,0,0,0
8.99,83,2016,0,0,0,0,0,1,0,0,0,1,0,1
1.99,64,2016,0,1,0,0,0,1,0,0,0,0,0,0
39.99,74,2016,0,0,1,0,0,0,0,0,0,0,0,0
49.99,80,2016,0,1,0,0,0,0,1,0,0,0,0,0
9.99,75,2016,1,0,0,0,0,1,0,0,0,1,0,0
14.99,74,2016,1,0,0,0,0,0,0,0,0,0,0,0
29.99,75,2016,1,0,0,0,0,1,0,0,0,0,0,0
14.99,80,2016,1,0,0,0,0,1,0,0,0,0,0,0
7.99,68,2016,1,0,1,1,0,1,0,0,0,0,0,0
10.99,84,2016,1,0,1,1,0,0,0,0,0,0,0,0
29.99,75,2016,0,0,0,1,0,0,0,0,0,0,0,0
14.99,80,2016,0,1,0,0,0,0,0,0,0,1,0,0
39.99,61,2016,0,0,1,0,0,0,0,0,0,0,0,0
29.99,72,2016,0,0,0,1,0,0,1,0,0,0,0,0
12.99,67,2016,1,0,1,1,0,1,0,0,0,0,0,0
11.99,60,2016,1,0,0,0,0,1,0,0,0,0,0,0
14.99,71,2016,0,1,0,0,0,0,0,0,0,1,0,0
5.99,74,2017,1,0,0,0,0,1,0,0,0,0,0,0
24.99,75,2017,0,0,0,0,0,1,0,0,0,1,0,0
7.99,64,2017,0,0,0,1,0,1,1,0,0,0,0,1
29.99,83,2017,1,0,0,1,0,0,0,0,0,0,0,0
14.99,58,2017,1,0,0,0,0,1,0,0,0,0,0,0
9.99,56,2001,0,0,0,1,0,0,0,0,0,1,0,0
3.99,84,2017,0,0,0,1,0,1,0,0,0,0,0,0
29.99,73,2017,0,0,1,0,0,0,0,0,0,0,0,0
26.99,62,2017,0,1,0,0,0,0,0,0,0,0,0,0
59.99,76,2017,0,0,0,1,0,0,0,0,0,0,0,0
4.99,71,2017,1,0,0,0,0,1,0,0,0,0,0,1
7.99,78,2017,1,0,0,0,0,1,0,0,0,0,0,1
19.99,88,2017,1,0,0,0,0,0,0,0,0,0,0,0
0.0,72,2001,1,0,1,1,0,0,0,0,1,1,1,0
14.99,86,2017,1,0,0,1,0,1,0,0,0,0,0,0
9.99,77,2017,1,0,0,0,0,1,0,0,0,0,0,0
14.99,69,2017,0,0,0,1,0,1,0,0,0,0,0,0
14.99,71,2017,1,0,1,0,0,1,0,0,0,0,0,0
59.99,74,2017,0,0,0,1,0,0,0,0,0,0,0,0
59.99,73,2017,0,0,0,1,0,0,0,0,0,0,0,0
8.99,86,2017,0,0,0,1,0,1,0,0,0,0,0,0
19.99,84,2017,1,0,0,0,0,1,0,0,0,0,0,0
39.99,80,2017,0,0,0,1,0,0,0,0,0,0,0,0
11.99,78,2017,1,0,0,1,0,1,0,0,0,0,0,0
19.99,83,2017,1,0,0,0,0,1,0,0,0,0,0,0
19.99,90,2017,1,0,0,1,0,0,0,0,0,0,0,0
39.99,73,2017,1,0,0,1,0,1,0,0,0,0,0,0
29.99,50,2017,0,1,0,1,1,1,1,0,0,0,0,0
14.99,77,2017,0,0,1,0,0,1,0,0,0,0,0,0
14.99,63,2017,1,0,0,1,0,0,0,0,0,0,0,0
24.99,78,2017,1,0,0,0,0,0,0,0,0,0,0,0
14.99,77,2017,1,0,0,0,0,0,0,0,0,0,0,0
5.99,72,2000,0,0,0,0,0,0,0,0,0,1,0,0
5.99,74,2000,0,0,1,0,0,0,0,0,0,0,0,0
14.99,74,2017,0,0,0,1,0,0,0,0,0,1,0,0
19.99,81,2017,1,0,0,0,0,0,0,0,0,0,0,0
2.99,46,2000,0,1,0,1,0,0,0,0,0,0,0,1
29.99,70,2017,0,0,0,0,0,1,0,0,0,1,0,0
19.99,75,2017,1,0,1,1,0,1,0,0,0,0,0,0
9.99,84,2017,1,0,1,0,0,1,0,0,0,0,0,0
19.99,57,2017,1,0,0,0,0,1,0,0,0,0,0,0
24.99,66,2017,0,1,0,0,0,1,0,0,0,1,0,0
17.99,75,2017,1,0,0,0,0,1,0,0,0,0,0,0
12.99,78,2017,0,1,0,0,0,0,0,0,0,1,0,0
19.99,74,2017,1,0,0,1,0,1,0,0,0,0,0,0
19.99,72,2017,1,0,1,1,0,0,0,0,0,0,0,0
8.99,78,2017,1,1,0,0,0,1,0,0,0,0,0,1
14.99,68,2017,0,0,0,1,0,1,0,0,0,0,0,0
34.99,74,2017,0,1,1,1,0,0,0,0,0,1,0,0
9.99,73,2017,1,1,1,1,0,0,0,0,0,1,1,0
14.99,64,2017,0,0,0,1,0,0,0,0,0,0,0,0
24.99,81,2017,0,1,0,1,0,1,0,0,0,1,1,0
39.99,68,2017,0,1,1,0,0,1,0,0,0,1,0,0
19.99,58,2017,0,1,0,1,1,1,1,0,0,0,0,0
49.99,82,2017,0,0,0,1,0,0,1,0,0,0,0,0
19.99,68,2017,0,0,0,0,0,0,0,0,0,1,0,0
7.99,83,2017,0,0,0,1,0,1,0,0,0,0,0,0
29.99,71,2017,0,1,0,0,0,0,1,0,0,0,0,0
9.99,82,2017,0,0,1,0,0,1,0,0,0,1,0,0
19.99,84,2017,0,0,0,1,0,1,0,0,0,0,0,0
29.99,75,2017,0,0,0,1,0,0,0,0,0,0,0,0
14.99,81,2017,0,0,0,0,0,1,0,0,0,1,0,0
19.99,76,2017,0,0,0,1,0,0,0,0,0,0,0,1
14.99,64,2017,0,0,0,1,0,1,0,0,0,0,0,0
24.99,70,2017,1,0,0,0,0,1,0,0,0,0,0,0
14.99,72,2017,0,1,0,0,0,1,0,0,0,0,0,1
19.99,76,2017,0,0,0,1,0,1,0,0,0,0,0,0
19.99,82,2017,0,0,1,1,0,1,0,0,0,0,0,0
19.99,68,2017,0,0,1,1,0,1,0,0,0,1,0,0
0.0,76,2017,1,0,1,1,0,0,0,0,1,0,1,0
19.99,81,2017,0,0,0,1,0,1,0,0,0,1,0,0
19.99,81,2017,1,1,0,1,0,1,0,0,0,0,0,0
39.99,80,2017,0,0,1,0,0,0,0,0,0,0,0,0
9.99,69,2017,0,1,0,0,0,1,0,0,0,0,0,0
12.99,78,2017,1,0,1,1,0,1,0,0,0,0,0,0
19.99,64,2017,0,0,1,1,0,1,0,0,0,0,0,0
10.99,86,2017,1,0,1,0,0,1,0,0,0,0,0,0
49.99,70,2017,0,0,0,0,0,0,0,0,0,1,0,0
29.99,78,2017,1,0,0,0,0,1,0,0,0,0,0,0
14.99,80,2017,0,0,0,1,0,1,0,0,0,0,0,1
39.99,88,2017,0,0,0,0,0,0,0,0,0,1,0,0
59.99,70,2017,1,0,1,1,0,1,0,0,0,0,1,0
24.99,80,2017,0,0,1,1,0,0,0,0,0,0,0,0
19.99,67,2017,1,0,1,1,0,1,0,0,0,0,0,0
14.99,69,2017,1,0,1,1,0,1,0,0,0,0,0,0
59.99,81,2017,0,0,0,0,0,0,1,0,0,0,0,0
29.99,74,2017,0,1,0,0,0,1,0,0,0,1,0,0
29.99,80,2017,0,0,0,1,0,0,0,0,0,0,0,0
9.99,65,2017,0,0,0,1,0,1,0,0,0,0,0,0
24.99,72,2017,1,0,0,1,0,1,0,0,0,0,0,0
59.99,69,2017,0,0,0,1,0,0,0,0,0,0,0,0
9.99,59,2017,0,0,0,1,0,1,0,0,0,0,0,0
14.99,79,2017,1,0,0,1,0,1,0,0,0,1,0,0
19.99,77,2017,1,0,0,1,0,1,0,0,0,0,0,0
59.99,61,2017,0,0,1,0,0,0,0,0,0,0,0,0
19.99,75,2017,0,0,0,1,0,1,0,0,0,0,0,0
19.99,78,2017,1,0,1,1,0,1,0,0,0,0,0,0
14.99,81,2017,0,1,1,1,0,1,0,0,0,1,0,0
29.99,79,2017,1,0,0,0,0,1,0,0,0,0,0,0
14.99,76,2017,0,0,0,1,0,1,0,0,0,1,0,0
14.99,75,2017,0,1,0,0,0,0,0,0,0,1,0,0
0.0,68,2016,0,0,0,1,0,0,0,0,1,0,0,0
10.99,75,2017,1,0,0,0,0,0,0,0,0,0,0,0
39.99,58,2017,1,0,0,1,0,0,0,0,0,0,0,0
0.0,85,2017,0,0,0,1,0,0,0,0,1,0,0,0
2.99,81,2017,0,1,0,0,0,1,0,0,0,0,0,1
49.99,74,2017,0,0,1,0,0,0,0,0,0,1,0,0
14.99,83,2017,1,0,0,0,0,1,0,0,0,0,0,1
3.99,58,2005,0,1,0,0,0,0,0,0,0,1,0,0
9.99,78,2017,0,1,0,0,0,0,0,0,0,1,0,0
9.99,75,2003,0,0,0,1,0,0,0,0,0,1,0,0
5.99,67,2002,0,0,0,1,0,0,0,0,0,1,0,0
9.99,76,2017,1,1,0,0,0,1,0,0,0,0,0,1
9.99,82,2017,1,0,1,0,0,1,0,0,0,0,0,0
19.99,93,2017,1,0,0,0,0,0,0,0,0,0,0,0
29.99,40,2017,1,0,0,0,0,1,0,0,0,1,0,0
9.99,76,2017,0,0,0,1,1,0,0,0,0,0,0,0
59.99,86,2017,0,0,0,1,0,0,0,0,0,0,0,0
19.99,80,2017,1,0,1,1,0,1,0,0,0,0,0,0
24.99,65,2017,1,0,1,1,0,0,0,0,0,0,0,0
0.0,81,2017,0,1,0,1,0,0,0,0,1,0,1,0
29.99,51,2017,1,0,0,0,0,0,0,0,0,0,0,0
49.99,82,2017,0,1,0,0,0,0,1,0,0,0,0,0
29.99,80,2017,0,0,1,1,0,1,0,0,0,0,0,0
49.99,69,2017,0,0,1,0,0,0,0,0,0,0,0,0
29.99,80,2017,0,0,1,1,0,0,0,0,0,0,0,0
59.99,86,2017,0,0,0,1,0,0,0,0,0,0,0,0
9.99,54,2017,1,1,1,1,0,1,0,0,0,0,0,1
59.99,66,2017,0,1,0,0,0,0,1,0,0,0,0,0
39.99,75,2017,0,1,0,0,0,0,0,0,0,1,0,0
59.99,81,2017,1,0,0,1,0,0,0,0,0,0,0,0
29.99,84,2017,0,1,0,0,0,0,0,0,0,1,0,0
9.99,46,2017,1,0,0,0,0,1,0,0,0,0,0,0
24.99,66,2017,0,0,0,0,0,1,0,0,0,1,0,0
4.68,79,2017,0,0,1,0,0,1,0,0,0,0,0,0
24.99,75,2017,0,0,0,1,0,1,1,0,0,0,0,0
0.0,86,2017,0,1,0,1,0,0,0,0,1,1,0,0
19.99,88,2017,0,0,0,1,0,1,0,0,0,0,0,0
59.99,86,2017,0,0,0,1,0,0,0,0,0,1,0,0
19.99,77,2017,1,0,0,1,0,1,0,0,0,0,0,0
39.99,53,2017,1,0,1,1,0,0,0,0,0,0,0,0
14.99,50,2017,0,0,1,1,0,1,0,0,0,0,0,0
0.0,54,2017,1,0,0,1,0,1,0,0,1,0,0,0
19.99,85,2017,1,0,0,1,0,1,0,0,0,0,0,0
19.99,78,2017,1,0,0,0,0,1,0,0,0,0,0,0
9.99,83,2017,0,1,0,0,0,0,0,0,0,1,0,0
2.99,73,2017,0,0,0,0,0,1,0,0,0,0,0,1
19.99,82,2017,0,0,0,1,0,1,0,0,0,0,0,0
59.99,87,2017,0,1,0,0,0,0,1,0,0,0,0,0
44.99,93,2017,1,0,1,0,0,0,0,0,0,1,0,0
19.99,80,2017,0,0,0,1,0,1,0,0,0,1,0,1
17.99,70,2017,1,0,0,0,0,0,0,0,0,0,0,0
9.99,55,2017,1,0,0,0,0,1,0,0,0,0,0,0
0.0,73,2001,0,1,0,1,0,1,0,1,1,1,1,0
14.99,68,2017,1,0,0,0,0,1,0,0,0,0,0,0
19.99,75,2017,1,0,0,0,0,1,0,0,0,0,0,0
39.99,77,2017,0,0,0,0,0,0,0,0,0,1,0,0
16.99,79,2017,1,0,0,1,0,0,0,0,0,0,0,0
29.99,75,2017,1,0,0,1,0,1,0,0,0,0,0,0
19.99,84,2017,1,0,0,1,0,0,0,0,0,0,0,1
59.99,89,2017,0,1,0,0,1,0,1,0,0,0,0,0
19.99,74,2017,0,1,0,0,0,1,0,0,0,1,0,0
5.99,83,2017,1,0,0,0,0,1,0,0,0,0,0,1
19.99,64,2017,0,0,1,0,0,0,0,0,0,0,0,0
14.99,73,2017,0,1,1,0,0,1,0,0,0,1,0,0
29.99,76,2017,0,0,0,1,0,0,0,0,0,0,0,0
29.99,83,2017,1,0,0,1,0,1,0,0,0,0,0,0
19.99,76,2017,1,0,0,0,0,1,0,0,0,0,0,0
19.99,74,2017,1,0,0,1,0,1,0,0,0,0,0,0
14.99,65,2017,1,0,1,1,0,1,0,0,0,0,0,0
29.99,65,2017,0,1,0,0,0,1,0,0,0,1,0,0
24.99,71,2017,1,0,0,0,0,1,0,0,0,0,0,0
3.99,58,2017,0,0,0,1,0,1,1,0,0,0,0,1
16.99,71,2017,1,0,0,0,0,1,0,0,0,0,0,0
0.0,76,2017,0,0,0,1,0,0,0,0,1,1,0,0
9.99,80,2017,1,1,1,0,0,0,0,0,0,0,0,0
17.99,73,2017,0,0,1,0,0,1,0,0,0,1,0,0
14.99,84,2017,1,0,0,1,0,1,0,0,0,0,0,0
14.99,72,2017,1,0,0,1,0,1,0,0,0,0,0,0
5.99,69,2017,1,0,1,0,0,1,0,0,0,0,0,0
9.99,52,2017,1,0,0,0,0,1,0,0,0,0,0,0
14.99,80,2017,1,0,0,1,0,1,0,0,0,1,0,0
39.99,87,2017,0,0,1,0,0,0,0,0,0,0,1,0
59.99,78,2017,0,1,0,0,1,0,1,0,0,0,0,0
19.99,73,2017,1,0,0,0,0,1,0,0,0,0,0,0
4.99,78,2017,1,0,0,0,0,0,0,0,0,0,0,0
9.99,70,2017,1,0,1,0,0,1,0,0,0,0,0,0
19.99,70,2017,1,0,0,1,0,1,0,0,0,0,0,0
19.99,69,2017,1,0,0,1,1,1,0,0,0,0,0,0
4.99,81,2017,1,1,1,0,0,1,0,0,0,0,0,1
29.99,78,2017,1,0,0,0,0,0,0,0,0,0,0,0
39.99,61,2017,0,0,0,1,0,0,0,0,0,0,0,0
19.99,78,2017,0,0,0,1,0,0,0,0,0,0,0,0
39.99,83,2017,0,1,0,1,0,0,0,0,0,1,0,0
19.99,62,2017,1,1,0,0,0,1,0,0,0,0,0,0
9.99,69,2017,1,0,0,0,0,1,0,0,0,0,0,0
7.99,77,2017,1,0,0,0,0,1,0,0,0,0,0,1
24.99,73,2017,0,0,1,0,0,1,0,0,0,1,0,0
39.99,72,2017,0,0,1,1,0,0,0,0,0,0,0,0
5.99,69,2017,0,0,0,1,0,1,0,0,0,0,0,1
7.99,71,2017,1,0,0,0,0,1,0,0,0,0,0,0
14.99,77,2017,0,1,0,0,0,1,0,0,0,1,0,0
19.99,67,2017,0,0,0,0,0,0,1,0,0,0,0,0
29.99,83,2017,0,0,1,0,0,0,0,0,0,0,0,0
29.99,74,2017,0,0,1,0,0,1,0,0,0,1,0,0
19.95,70,2017,0,0,0,1,0,1,0,0,0,0,0,0
19.99,89,2017,1,0,0,0,0,1,0,0,0,0,0,0
14.99,78,2017,0,1,1,0,0,1,0,0,0,0,0,1
0.0,87,2017,0,0,0,1,0,0,0,0,1,1,0,0
14.99,80,2017,1,0,0,1,0,1,0,0,0,0,0,0
29.99,68,2017,1,0,1,1,0,1,0,0,0,0,0,0
9.99,88,1998,1,0,0,1,0,0,0,0,0,1,0,0
39.99,76,2017,1,0,0,1,0,0,0,0,0,0,0,0
9.99,65,2017,1,0,0,0,0,1,0,0,0,0,0,0
14.99,76,2017,0,0,0,1,0,0,0,0,0,0,0,0
15.99,70,2017,1,0,0,0,0,1,0,0,0,0,0,0
29.99,52,2017,0,0,0,0,1,0,0,0,0,0,0,0
19.99,61,2017,1,1,1,0,0,1,0,0,0,1,0,0
19.99,66,2017,1,0,0,0,0,1,0,0,0,0,0,1
19.99,66,2017,1,0,0,1,0,1,0,0,0,0,0,0
0.0,63,2017,0,1,1,0,0,0,0,0,1,0,0,0
29.99,80,2017,0,0,1,0,0,1,0,0,0,1,0,0
19.99,63,2017,0,0,1,1,0,1,0,0,0,1,0,0
14.99,62,2017,1,0,0,1,0,0,0,0,0,0,0,0
11.99,48,2017,0,0,0,0,0,0,1,0,0,0,0,0
19.99,71,2017,1,0,0,0,0,1,0,0,0,0,0,1
19.99,86,2017,0,1,0,0,0,1,1,0,0,1,0,0
9.99,65,2017,1,0,0,0,0,1,0,0,0,0,0,0
19.99,73,2017,1,0,0,0,0,1,0,0,0,0,0,0
59.99,84,2017,0,0,1,1,0,0,0,0,0,0,0,0
14.99,61,2017,0,0,1,0,0,1,0,0,0,0,0,0
14.99,76,2016,1,0,0,0,0,1,0,0,0,0,0,0
19.99,75,2017,1,0,0,0,0,1,0,0,0,0,0,0
4.99,58,2012,0,0,0,1,1,0,0,0,0,0,0,0
24.99,68,2017,1,0,0,0,0,1,0,0,0,0,0,0
14.99,78,2017,1,0,0,1,0,0,0,0,0,0,0,0
0.0,80,2017,0,0,0,0,0,1,0,0,1,1,1,0
9.99,81,2017,1,0,0,0,0,1,0,0,0,0,0,0
44.99,81,2016,1,0,1,0,0,1,0,0,0,1,0,0
14.99,78,2017,0,0,1,0,0,1,0,0,0,0,0,0
9.99,77,2017,1,0,0,0,0,1,0,0,0,0,0,0
9.99,72,2017,0,0,0,1,0,1,0,0,0,0,0,0
8.99,76,2017,0,0,0,0,0,1,0,0,0,0,0,1
1.99,44,2017,1,0,0,0,0,1,0,0,0,0,0,0
14.99,72,2017,1,0,0,0,0,0,0,0,0,0,0,0
14.99,49,2017,1,1,0,0,0,1,0,0,0,0,0,0
9.99,75,2017,1,0,0,0,0,1,0,0,0,0,0,0
14.99,66,2017,1,0,0,1,0,0,0,0,0,0,0,0
3.99,74,2017,1,0,0,0,0,1,0,0,0,0,0,0
9.99,83,2017,0,0,0,1,0,1,0,0,0,0,0,0
49.99,61,2017,0,1,0,0,0,0,1,0,0,0,0,0
19.99,61,2017,1,0,0,1,0,1,0,0,0,0,0,0
14.99,79,2017,0,0,0,1,0,1,0,0,0,0,0,0
29.99,64,2017,0,0,1,0,0,0,0,0,0,0,0,0
24.99,63,2016,0,1,0,0,0,1,0,0,0,1,0,0
19.99,66,2017,1,0,1,1,0,1,0,0,0,0,0,0
9.99,71,2017,1,0,0,0,0,1,0,0,0,0,0,0
9.99,67,2017,1,1,1,0,0,1,0,0,0,0,0,0
19.99,81,2017,0,0,1,0,0,0,0,0,0,0,0,0
6.99,50,2017,0,0,0,1,0,0,0,0,0,0,0,0
9.99,90,2017,1,0,0,1,0,1,0,0,0,0,0,1
2.99,71,2017,0,0,0,0,0,1,0,0,0,0,0,1
14.99,67,2017,1,0,0,1,0,1,0,0,0,0,0,0
29.99,62,2017,0,1,0,0,0,0,0,0,0,1,0,0
29.99,68,2017,0,0,0,0,0,0,0,0,0,1,0,0
49.99,80,2017,0,0,1,1,0,0,0,0,0,0,0,0
19.99,73,2016,0,0,0,0,0,1,0,0,0,0,0,0
12.99,69,2016,0,0,0,1,0,1,0,0,0,0,0,0
19.99,76,2016,1,0,0,1,0,1,0,0,0,0,0,0
12.99,62,2016,1,0,0,0,0,1,0,0,0,0,0,0
9.99,81,2016,1,0,0,0,0,1,0,0,0,0,0,1
29.99,63,2016,0,0,0,1,0,0,0,0,0,0,0,0
9.99,68,2003,0,0,0,1,0,0,0,0,0,0,0,0
19.99,65,2016,1,0,0,0,0,1,0,0,0,0,0,0
24.99,83,2016,1,0,0,0,0,1,0,0,0,0,0,0
44.99,84,2016,0,1,0,0,0,0,0,0,0,1,0,0
14.99,43,2016,0,1,0,0,0,0,0,0,0,1,0,0
9.99,64,2016,1,0,0,1,0,1,0,0,0,0,0,0
14.99,56,2016,1,0,0,0,0,1,0,0,0,0,0,0
9.99,80,2016,1,0,0,1,0,1,0,0,0,0,0,1
39.99,86,2016,0,0,0,1,0,0,0,0,0,0,0,0
39.99,81,2016,0,1,0,0,0,1,0,0,0,1,0,0
34.99,81,2016,0,1,0,0,1,0,1,0,0,1,0,0
11.99,67,2016,1,0,0,0,0,1,0,0,0,0,0,0
4.99,65,2016,0,0,0,1,0,1,0,0,0,0,0,1
59.99,73,2016,1,0,0,1,0,0,0,0,0,0,0,0
19.99,78,2016,0,0,1,1,0,0,0,0,0,0,0,0
14.99,82,2016,1,0,1,0,0,1,0,0,0,0,0,0
19.99,64,2016,0,1,0,0,0,1,1,0,0,1,0,0
24.99,88,2016,1,0,0,1,0,1,0,0,0,0,0,0
2.99,75,2016,1,0,0,0,0,1,0,0,0,0,0,0
12.99,82,2016,0,0,1,0,0,0,0,0,0,1,0,0
39.99,78,2016,1,0,0,1,0,0,0,0,0,0,0,0
19.99,72,2016,1,0,0,1,0,0,0,0,0,0,0,0
49.99,67,2016,0,1,0,0,1,0,1,0,0,0,0,0
44.99,68,2016,0,0,0,0,1,0,0,0,0,0,0,0
7.99,62,2016,0,1,0,1,0,1,0,0,0,0,0,0
39.99,62,2016,1,0,0,1,0,0,0,0,0,0,0,0
0.0,81,2016,0,0,0,0,0,0,0,0,1,1,0,0
19.99,71,2016,1,0,0,1,0,1,0,0,0,0,0,0
11.99,85,2016,1,0,0,1,0,1,0,0,0,0,0,0
19.99,64,2016,0,0,1,0,0,1,0,0,0,0,0,0
14.99,78,2016,1,0,1,1,0,1,0,0,0,0,0,0
19.99,79,2016,0,0,1,1,0,1,0,0,0,0,0,0
17.99,54,2016,0,0,0,1,0,0,0,0,0,0,0,0
9.99,82,2016,1,0,0,0,0,1,0,0,0,0,0,1
14.99,67,2016,0,0,1,0,0,1,0,0,0,0,0,0
14.99,66,2016,1,0,0,1,0,1,0,0,0,0,0,0
9.99,69,2016,1,1,1,0,0,1,0,0,0,0,0,1
12.99,70,2016,0,0,0,1,0,1,0,0,0,0,0,1
19.99,75,2016,1,0,0,0,0,1,0,0,0,0,0,0
9.99,70,2016,1,0,1,0,0,1,0,0,0,1,0,0
34.99,87,2016,1,0,0,0,0,0,0,0,0,0,0,0
19.99,73,2016,0,1,0,0,0,0,0,0,0,1,0,0
14.99,69,2016,1,0,1,1,0,0,0,0,0,0,0,0
19.99,68,2016,1,0,0,1,0,1,0,0,0,0,0,0
14.99,70,2016,0,0,0,1,0,1,0,0,0,0,0,0
4.99,90,2016,1,0,0,1,0,1,0,0,0,0,0,0
14.99,74,2016,1,1,1,0,0,1,0,0,0,1,0,0
14.99,75,2016,1,0,0,0,0,1,0,0,0,0,0,0
14.99,66,2016,1,0,1,0,0,1,0,0,0,1,0,0
7.99,82,2016,0,0,0,1,0,1,0,0,0,0,0,0
9.99,73,2016,1,0,0,1,0,1,0,0,0,0,0,0
14.99,90,2016,0,0,0,1,0,0,0,0,0,0,0,0
29.99,74,2016,0,0,0,0,0,0,0,0,0,1,0,0
9.99,64,2003,0,0,0,0,0,0,0,0,0,1,0,0
9.99,74,2016,1,0,0,0,0,1,0,0,0,0,0,1
13.99,66,2016,1,0,0,0,0,1,0,0,0,0,0,0
0.0,82,2016,0,0,0,0,0,1,0,0,1,1,0,0
4.99,49,2016,1,0,0,0,0,1,0,0,0,1,0,0
12.99,69,2016,0,0,0,1,0,1,0,0,0,1,0,0
29.99,67,2016,0,0,1,0,0,0,0,0,0,1,0,0
59.99,61,2016,1,0,0,1,0,0,0,0,0,0,0,0
14.99,80,2016,0,0,0,0,0,1,0,0,0,0,0,1
19.99,83,2016,1,1,0,1,0,1,0,0,0,0,0,1
14.99,70,2016,1,0,0,1,0,1,0,0,0,0,0,0
16.99,81,2016,0,1,0,1,0,1,0,0,0,0,0,1
11.99,82,2017,0,0,0,0,0,1,0,0,0,0,0,0
19.99,81,2016,1,0,0,1,0,1,0,0,0,0,0,0
9.99,73,2017,1,1,0,0,0,1,0,0,0,0,0,0
24.99,91,2016,0,0,0,1,0,1,0,0,0,1,0,1
11.99,73,2016,0,1,0,0,0,1,0,0,0,0,0,0
14.99,79,2016,0,0,0,1,0,1,0,0,0,0,0,0
7.99,50,2016,1,0,1,0,0,0,0,0,0,0,0,0
34.99,74,2016,0,1,0,1,0,0,0,0,0,1,0,0
14.99,71,2016,1,0,0,0,0,0,0,0,0,0,0,0
9.99,63,2016,0,0,0,1,0,1,0,0,0,1,0,0
12.99,75,2017,1,0,0,0,0,1,0,0,0,0,0,1
19.99,52,2016,0,0,0,1,0,0,0,0,0,0,0,0
14.99,77,2016,1,1,0,0,0,1,0,0,0,0,0,0
19.99,75,2016,0,0,0,0,0,1,0,0,0,1,0,0
19.99,64,2016,0,1,0,0,0,0,1,0,0,0,0,0
39.99,72,2016,0,1,0,0,1,0,1,0,0,0,0,0
12.99,77,2016,0,0,0,0,0,1,0,0,0,0,0,0
0.0,82,2014,0,0,1,0,0,0,0,0,1,0,1,0
14.99,81,2016,1,0,1,1,0,1,0,0,0,1,0,0
24.99,66,2016,0,0,0,0,0,0,0,0,0,1,0,0
12.99,68,2016,0,0,1,1,0,1,0,0,0,0,0,0
39.99,83,2016,0,1,0,0,0,0,0,0,0,1,0,0
0.99,40,2016,0,1,0,0,0,1,0,0,0,1,0,1
6.99,58,2016,1,0,0,1,0,1,0,0,0,0,0,0
19.99,73,2016,1,0,0,1,0,0,0,0,0,0,0,0
19.99,54,2016,0,0,0,1,0,0,1,0,0,0,0,0
19.99,70,2016,0,0,0,1,0,1,0,0,0,0,0,0
29.99,70,2016,0,0,0,1,0,0,0,0,0,0,0,0
14.99,67,2016,1,0,0,1,0,1,0,0,0,0,0,1
0.0,76,2016,1,0,0,0,0,0,0,0,1,1,0,0
14.99,69,2016,0,0,0,1,0,0,0,0,0,1,0,0
9.99,74,2016,0,0,0,1,0,1,0,0,0,0,0,0
59.99,86,2016,0,0,0,1,0,0,0,0,0,1,0,0
19.99,77,2016,1,0,0,0,0,1,0,0,0,0,0,0
8.99,54,2016,0,0,0,1,0,1,0,0,0,0,0,0
19.99,68,2016,0,0,0,1,0,0,0,0,0,0,0,0
29.99,80,2016,0,0,0,0,0,0,0,0,0,1,0,0
9.99,72,2016,1,0,0,0,0,1,0,0,0,0,0,1
29.99,85,2016,0,0,0,1,0,0,0,0,0,0,0,0
0.0,64,2016,0,0,1,0,0,1,0,0,1,0,1,0
9.99,58,2016,1,0,0,1,0,1,0,0,0,0,0,0
11.99,53,2016,0,0,1,1,0,1,0,0,0,0,0,0
39.99,78,2016,0,1,0,0,0,0,0,0,0,1,0,0
14.99,74,2016,1,0,1,1,0,1,0,0,0,0,0,0
14.99,63,2016,1,0,0,0,0,1,0,0,0,1,0,0
9.99,67,2016,1,0,1,1,0,1,0,0,0,1,0,0
14.99,83,2016,1,1,0,0,0,1,0,0,0,0,0,0
39.99,77,2016,0,0,0,0,0,0,0,0,0,1,0,0
19.99,68,2016,0,0,0,1,0,1,0,0,0,0,0,0
29.99,90,2016,0,0,0,0,0,1,0,0,0,0,0,0
19.99,75,2016,0,0,0,1,0,0,0,0,0,1,0,0
19.99,83,2016,1,0,0,0,0,0,0,0,0,0,0,0
0.0,87,2016,1,0,1,0,0,0,0,0,1,1,0,0
5.99,50,2016,0,0,0,1,0,1,0,0,0,0,0,0
19.99,82,2016,0,0,1,0,0,1,0,0,0,1,0,0
20.99,84,2016,0,0,1,0,0,0,0,0,0,0,0,0
14.99,79,2016,1,0,0,0,0,1,0,0,0,0,0,0
19.99,76,2016,1,0,0,0,0,1,0,0,0,0,0,1
14.99,69,2016,1,0,1,1,0,1,0,0,0,0,0,0
59.99,89,2016,0,0,0,1,0,0,0,0,0,0,0,0
14.99,74,2016,1,0,1,1,0,1,0,0,0,0,0,0
9.99,80,2016,0,0,0,1,0,1,0,0,0,1,0,0
9.99,57,2016,1,0,0,1,0,1,0,0,0,0,0,0
14.99,84,2016,1,0,0,1,0,1,0,0,0,0,0,0
5.99,80,2016,1,0,0,0,0,1,0,0,0,0,0,0
19.99,77,2016,0,0,1,0,0,0,0,0,0,1,0,0
14.99,74,2016,1,0,0,1,0,1,0,0,0,0,0,0
14.99,77,2016,1,0,0,0,0,1,0,0,0,0,0,0
9.99,85,2016,1,0,0,0,0,0,0,0,0,0,0,0
12.99,74,2016,0,0,0,1,0,1,0,0,0,0,0,0
14.99,59,2016,1,0,0,0,0,1,0,0,0,0,0,1
14.99,86,2016,1,0,0,0,0,0,0,0,0,0,0,0
39.99,76,2016,0,1,0,0,0,0,0,0,0,1,0,0
19.99,92,2016,0,1,0,0,0,1,1,0,0,1,0,0
14.99,62,2016,1,0,1,0,0,1,0,0,0,0,0,0
49.99,74,2016,0,1,0,0,0,0,1,0,0,0,0,0
19.99,78,2016,0,0,0,1,0,1,0,0,0,0,0,0
14.99,75,2016,0,0,0,0,0,1,0,0,0,1,0,0
19.99,61,2016,1,1,0,1,0,1,0,0,0,1,0,0
14.99,54,2016,0,0,0,1,0,0,0,0,0,0,0,0
14.99,89,2016,0,1,1,0,0,1,0,0,0,0,0,0
49.99,74,2016,1,0,0,1,0,0,0,0,0,0,0,0
14.99,75,2016,1,0,1,0,0,1,0,0,0,0,0,0
19.99,76,2016,1,0,0,0,0,1,0,0,0,0,0,0
12.99,48,2016,0,0,0,1,0,1,0,0,0,0,0,0
19.99,57,2016,1,0,0,0,0,1,0,0,0,0,0,0
24.99,83,2016,1,0,1,1,0,1,0,0,0,0,0,0
19.99,74,2016,1,0,0,0,0,0,0,0,0,0,0,0
4.99,72,2016,0,0,0,1,0,1,0,0,0,0,0,0
14.99,78,2016,0,0,0,1,1,1,0,0,0,0,0,0
4.99,83,2016,0,0,0,1,0,1,0,0,0,0,0,0
12.99,72,2016,0,1,0,0,0,0,0,0,0,1,0,0
14.99,81,2004,0,1,0,0,0,0,0,0,0,1,0,0
14.99,80,2005,0,1,0,0,0,0,0,0,0,1,0,0
59.99,57,2016,0,0,0,1,0,0,0,0,0,0,0,0
19.99,76,2016,0,1,0,0,0,1,0,0,0,0,0,0
19.99,81,2016,1,0,0,0,0,1,0,0,0,0,0,0
59.99,88,2016,0,0,0,0,0,0,0,0,0,1,0,0
14.99,69,2016,1,0,0,1,0,1,0,0,0,0,0,0
1.99,65,2016,1,0,0,0,0,1,0,0,0,0,0,0
6.99,67,2016,0,0,0,0,0,1,0,0,0,0,0,0
9.99,83,2016,0,0,1,1,0,1,0,0,0,0,0,0
9.99,74,2004,0,0,0,0,0,0,0,0,0,1,0,0
9.99,71,2016,1,0,0,0,0,1,0,0,0,0,0,0
14.99,78,2016,1,0,1,1,0,1,0,0,0,0,0,0
9.99,51,2016,1,0,1,1,0,1,0,0,0,0,0,1
14.99,80,2016,0,0,0,1,0,1,0,0,0,0,0,0
9.99,63,2016,0,1,0,0,0,1,0,0,0,0,0,0
9.99,73,2004,0,0,0,0,0,0,0,0,0,1,0,0
14.99,62,2016,1,0,0,1,0,1,0,0,0,0,0,0
6.99,65,2016,0,0,0,1,0,1,0,0,0,0,0,0
14.99,54,2016,1,0,0,1,0,0,0,0,0,0,0,0
4.99,59,2016,0,0,0,1,0,1,0,0,0,0,0,0
9.99,76,2016,1,0,0,1,0,1,0,0,0,0,0,0
7.99,81,2016,0,0,0,1,0,1,0,0,0,0,0,0
14.99,73,2016,1,0,0,1,0,1,0,0,0,0,0,0
24.99,84,2016,0,0,1,0,0,1,0,0,0,1,0,0
14.99,77,2016,0,0,1,0,0,1,0,0,0,0,0,0
6.99,85,1998,0,1,0,0,0,0,0,0,0,0,0,0
9.99,49,2015,1,0,0,0,0,1,0,0,0,0,0,1
4.99,86,2016,0,0,0,0,0,1,0,0,0,0,0,0
8.99,74,2016,0,0,0,1,0,1,0,0,0,0,0,0
0.0,65,2010,0,0,0,0,0,0,0,0,1,0,1,0
12.99,67,2015,0,1,0,0,0,1,0,0,0,0,0,0
4.99,86,1997,0,0,0,0,0,0,0,0,0,1,0,0
14.99,77,2015,1,0,0,0,0,1,0,0,0,0,0,0
14.99,72,2015,0,0,1,0,0,1,0,0,0,0,0,0
14.99,66,2015,1,0,1,0,0,1,0,0,0,0,0,0
0.0,63,2015,0,0,1,1,0,0,0,0,1,0,1,0
11.99,74,2015,1,0,0,1,0,0,0,0,0,0,0,0
11.99,88,2015,0,0,1,1,0,1,0,0,0,0,0,0
19.99,83,2015,0,0,0,1,0,0,0,0,0,0,0,0
2.99,77,1996,0,0,1,0,0,0,0,0,0,1,0,0
4.99,65,2004,0,1,0,0,0,0,0,0,0,1,0,0
4.99,77,2015,1,1,0,0,0,1,0,0,0,0,0,0
49.99,83,2015,1,0,0,0,0,0,0,0,0,0,0,1
9.99,74,2015,0,0,0,1,0,1,0,0,0,0,0,0
19.99,73,2015,0,0,1,0,0,1,0,0,0,1,0,0
19.99,73,2015,1,0,1,0,0,1,0,0,0,1,0,0
39.99,74,2015,1,0,0,1,0,0,0,0,0,0,0,0
19.99,86,2015,0,0,0,1,0,0,0,0,0,0,0,0
9.99,72,2003,0,0,0,0,0,0,0,0,0,1,0,0
29.99,84,2015,0,0,1,0,0,0,0,0,0,0,0,0
9.99,77,2015,0,1,0,0,0,1,0,0,0,1,0,0
19.99,69,2015,0,0,0,1,0,1,0,0,0,0,0,0
6.99,63,2015,0,0,0,1,0,1,0,0,0,1,0,1
9.99,62,2015,1,0,0,0,0,1,0,0,0,0,0,0
9.99,89,1997,0,0,1,0,0,0,0,0,0,0,0,0
8.99,71,2015,0,0,0,0,0,1,0,0,0,0,0,0
4.99,69,2015,0,0,0,0,0,1,0,0,0,0,0,0
19.99,78,2015,0,0,0,1,0,1,0,0,0,0,0,0
12.99,76,2015,1,0,1,1,0,1,0,0,0,0,0,0
29.99,80,2015,0,0,1,0,0,0,0,0,0,0,0,0
29.99,79,2015,0,0,0,1,0,1,0,0,0,0,0,0
9.99,85,2015,0,0,1,0,0,1,0,0,0,1,0,0
9.99,85,2015,1,0,1,1,0,0,0,0,0,0,0,0
4.99,76,2015,1,0,0,0,0,1,0,0,0,0,0,1
14.99,57,2015,1,0,0,0,0,1,0,0,0,0,0,0
19.99,74,2015,0,1,1,1,0,1,0,0,0,1,0,0
12.99,66,2015,0,1,0,0,0,1,0,0,0,1,0,0
9.99,78,2015,0,0,0,0,0,1,0,0,0,0,0,1
19.99,70,2015,0,1,0,0,0,1,0,0,0,1,0,0
29.99,81,2015,0,0,1,0,0,1,0,0,0,0,0,0
12.99,54,2015,0,0,0,1,0,1,0,0,0,0,0,0
9.99,83,2015,0,0,0,1,0,1,0,0,0,1,0,0
39.99,65,2015,0,0,0,0,1,0,0,0,0,0,0,0
29.99,79,2015,0,0,0,0,0,0,0,0,0,1,0,0
14.99,63,2015,1,1,1,1,0,1,0,0,0,0,0,1
6.99,82,2015,0,0,0,1,0,1,0,0,0,0,0,0
14.99,58,2015,1,0,0,0,0,0,0,0,0,0,0,0
9.99,68,2015,0,0,0,1,0,1,0,0,0,0,0,0
17.99,66,2015,0,0,0,0,0,1,0,0,0,1,0,0
19.99,63,2015,0,1,0,0,0,0,0,0,0,1,0,0
12.99,76,2015,0,0,0,0,0,1,0,0,0,1,0,0
12.99,60,2015,0,0,0,1,0,1,0,0,0,0,0,0
12.99,65,2015,1,0,0,1,0,1,0,0,0,0,0,0
9.99,84,2015,1,0,0,0,0,1,0,0,0,1,0,0
24.99,79,2015,1,0,1,0,0,1,0,0,0,0,0,0
9.99,80,2015,0,0,0,1,0,1,0,0,0,0,0,0
19.99,76,2015,0,0,0,0,0,0,1,0,0,1,0,0
12.99,75,2015,1,0,0,1,0,1,0,0,0,0,0,1
19.99,67,2015,0,0,0,1,0,1,0,0,0,1,0,0
14.99,80,2015,0,1,0,1,0,1,0,0,0,0,0,0
8.99,59,2015,1,0,0,1,0,1,0,0,0,0,0,0
14.99,72,2015,0,0,0,1,0,1,0,0,0,1,0,0
4.99,80,2015,0,0,0,1,0,1,0,0,0,0,0,0
29.99,71,2015,0,0,0,0,0,0,0,0,0,1,0,0
12.99,69,2015,1,0,0,0,0,1,0,0,0,0,0,0
19.99,80,2015,0,1,0,0,0,0,1,0,0,1,0,0
11.99,80,2015,1,0,1,1,0,1,0,0,0,0,0,0
6.99,59,2004,0,1,0,0,0,0,0,0,0,1,0,1
6.99,60,2004,0,0,0,1,0,0,0,0,0,1,0,0
6.99,58,2004,0,1,0,0,0,0,0,0,0,1,0,1
19.99,75,2015,1,0,1,0,0,1,0,0,0,1,0,0
19.99,79,2015,1,0,0,0,0,0,0,0,0,0,0,0
29.99,75,2015,0,0,0,1,0,1,0,0,0,1,0,0
19.99,80,2015,0,0,1,0,0,0,0,0,0,0,0,0
14.99,85,2015,0,0,0,1,0,0,0,0,0,0,0,0
8.99,68,2015,1,0,0,1,0,1,0,0,0,1,0,0
12.89,64,2015,0,0,0,1,0,1,0,0,0,1,0,0
9.99,74,2015,0,1,0,0,0,0,0,0,0,1,0,0
19.99,81,2015,1,0,1,0,0,1,0,0,0,1,0,0
16.99,36,2015,0,0,0,1,0,1,0,0,0,0,0,0
11.99,68,2015,0,0,0,0,0,1,0,0,0,0,0,0
19.99,80,2015,0,0,0,1,0,1,0,0,0,0,0,0
14.99,60,2015,1,0,0,0,0,1,0,0,0,0,0,0
8.99,59,2015,1,0,0,0,0,1,0,0,0,0,0,0
9.99,68,2015,0,0,0,1,0,1,0,0,0,1,0,1
19.99,64,2015,1,0,1,1,0,0,0,0,0,0,0,0
14.99,70,2015,0,0,1,1,0,1,0,0,0,0,0,0
6.99,76,2015,0,0,0,1,0,1,0,0,0,0,0,0
19.99,58,2015,1,0,1,1,0,1,0,0,0,0,0,0
4.99,73,2015,1,0,0,0,0,0,0,0,0,0,0,0
24.99,72,2015,1,0,0,1,0,0,0,0,0,0,0,0
9.99,85,2015,0,0,0,1,0,1,0,0,0,0,0,0
14.99,82,2015,1,0,0,1,0,1,0,0,0,0,0,0
9.99,74,2015,1,0,0,0,0,1,0,0,0,0,0,0
14.99,72,2015,0,0,1,0,0,1,0,0,0,0,0,0
7.99,78,2015,1,0,0,0,0,1,0,0,0,0,0,0
9.99,76,2015,1,0,0,1,0,1,0,0,0,0,0,0
19.99,64,2015,0,0,0,0,0,0,0,0,0,1,0,0
1.99,76,2015,0,0,0,1,0,1,0,0,0,0,0,1
19.99,79,2015,1,1,0,1,0,1,0,0,0,1,0,0
19.99,74,2015,0,0,1,1,0,1,0,0,0,1,0,0
14.99,61,2015,1,0,0,1,0,1,0,0,0,0,0,0
4.99,86,2000,0,0,0,0,0,0,0,0,0,1,0,0
4.99,80,2004,0,0,0,0,0,0,0,0,0,1,0,0
12.99,70,2015,0,0,0,1,0,1,0,0,0,0,0,0
4.99,83,2015,1,0,0,0,0,1,0,0,0,0,0,1
19.99,71,2015,1,0,1,0,0,1,0,0,0,1,0,0
24.99,57,2015,0,1,0,1,0,1,0,0,0,0,0,0
19.99,65,2015,0,1,0,0,0,1,0,0,0,1,0,0
9.99,85,2015,0,0,0,1,0,1,0,0,0,0,0,0
5.99,86,2015,1,1,0,0,0,1,0,0,0,0,0,0
19.99,64,2015,1,0,0,0,0,1,0,0,0,0,0,0
12.99,60,2015,1,0,0,0,0,1,0,0,0,0,0,0
14.99,72,2015,1,0,0,1,0,1,0,0,0,0,0,0
19.99,69,2015,1,1,0,0,0,0,0,0,0,1,0,0
14.99,75,2015,0,1,0,0,0,1,0,0,0,1,0,0
12.99,82,2015,0,0,0,1,1,1,0,0,0,0,0,0
19.99,75,2015,1,0,1,0,0,0,0,0,0,0,0,0
9.99,59,2015,1,0,0,0,0,1,0,0,0,0,0,0
4.99,64,2015,0,0,0,1,0,0,0,0,0,0,0,0
14.99,69,2015,1,0,0,1,0,0,0,0,0,0,0,0
14.99,76,2015,0,0,0,0,0,1,0,0,0,0,0,0
14.99,61,2015,1,0,0,1,0,1,0,0,0,0,0,0
19.99,66,2015,1,1,0,0,0,1,0,0,0,0,0,1
1.0,77,2015,0,0,0,0,0,1,0,0,0,1,0,0
12.99,75,2015,1,0,0,1,0,1,0,0,0,0,0,0
19.99,80,2015,1,0,0,1,0,1,0,0,0,0,0,0
19.99,82,2015,0,0,0,1,0,1,0,0,0,1,0,0
11.99,72,2015,1,0,0,1,0,1,0,0,0,0,0,0
9.99,57,2015,1,0,0,0,0,1,0,0,0,0,0,0
14.99,73,2015,1,0,0,1,0,1,0,0,0,0,0,0
9.99,67,2015,1,0,1,0,0,1,0,0,0,0,0,1
7.99,61,2015,0,0,0,0,0,1,0,0,0,0,0,0
9.99,68,1997,1,0,0,0,0,0,0,0,0,0,0,1
5.99,83,2001,0,1,0,1,0,0,0,0,0,0,0,0
19.99,76,2015,0,0,0,1,0,0,0,0,0,0,0,0
19.99,86,2015,1,0,0,1,0,1,0,1,0,0,0,0
14.99,74,2015,0,1,0,0,0,0,0,0,0,1,0,0
0.0,72,2015,0,0,0,1,0,0,0,0,1,1,1,0
9.99,58,2015,0,0,1,1,0,1,0,0,0,0,0,0
9.99,74,2015,0,0,0,1,0,1,0,0,0,0,0,0
0.0,81,2015,0,1,0,0,0,0,0,0,1,1,0,0
14.99,75,2015,0,0,1,0,0,1,0,0,0,1,0,0
39.99,88,2015,0,1,0,0,0,1,0,0,0,0,0,0
19.99,54,2015,1,0,0,1,0,1,0,0,0,0,0,0
24.99,70,2015,0,0,0,1,0,1,0,0,0,1,0,0
9.99,61,2015,1,0,0,0,0,1,0,0,0,0,0,0
9.99,67,2015,1,0,0,1,0,1,0,0,0,0,0,0
9.99,71,2006,0,1,0,0,1,0,0,0,0,0,0,0
39.99,96,2015,1,0,0,1,0,0,0,0,0,0,0,0
19.99,76,2015,0,0,0,1,0,0,0,0,0,0,0,0
19.99,80,2015,0,0,1,0,0,0,0,0,0,1,0,0
9.99,64,2015,1,0,0,0,0,1,0,0,0,0,0,1
29.99,70,2015,0,0,0,0,0,1,0,0,0,1,0,0
12.99,60,2015,1,1,0,1,0,1,0,0,0,0,0,0
14.99,59,2015,0,1,1,1,0,1,0,0,0,1,0,0
14.99,74,2015,1,0,0,1,0,1,0,0,0,0,0,0
9.99,49,2015,1,1,0,1,0,0,0,0,0,0,0,0
29.99,89,2015,0,0,1,0,0,0,0,0,0,0,0,0
24.99,52,2015,0,0,1,0,0,0,0,0,0,1,0,0
14.99,71,2015,1,1,0,0,0,1,0,0,0,0,0,1
4.99,77,2015,1,0,0,0,0,1,0,0,0,0,0,0
5.99,64,2015,0,0,0,1,0,0,0,0,0,0,0,0
14.99,45,2015,1,0,0,1,0,1,0,0,0,1,0,0
9.99,55,2015,1,0,0,1,0,1,0,0,0,0,0,0
19.99,74,2015,1,0,0,1,0,0,0,0,0,0,0,0
29.99,85,2015,0,1,0,0,0,0,0,0,0,1,0,0
9.99,68,2015,0,0,0,0,0,1,0,0,0,0,0,0
11.99,72,2015,1,0,0,0,0,1,0,0,0,0,0,1
9.99,81,2015,0,0,0,0,0,0,0,0,0,1,0,0
29.99,70,2015,0,1,0,0,0,0,0,0,0,1,0,0
44.99,72,2015,0,0,0,1,0,0,0,0,0,0,0,0
7.99,68,2015,0,1,0,1,0,1,0,0,0,0,0,0
19.99,63,2015,1,0,0,0,0,1,0,0,0,0,0,0
14.99,69,2015,1,0,0,1,0,1,0,0,0,0,0,0
14.99,59,2015,0,0,0,0,0,1,0,0,0,0,0,0
8.99,82,2015,1,0,0,1,0,1,0,0,0,0,0,0
7.99,70,2015,0,0,0,0,0,1,0,0,0,1,0,0
19.99,73,2006,1,0,0,0,1,0,0,0,0,0,0,0
14.99,58,2015,0,0,0,0,0,1,0,0,0,1,0,0
24.99,79,2015,0,0,0,0,0,1,1,0,0,1,0,0
29.99,80,2015,1,0,0,0,0,0,0,0,0,0,0,0
9.99,60,2015,1,0,0,0,0,1,0,0,0,0,0,0
17.99,71,2015,1,1,0,1,0,1,0,0,0,1,0,0
44.99,80,2015,0,0,0,0,0,0,0,0,0,1,0,0
0.0,77,2015,0,0,0,1,0,0,0,0,1,0,0,0
9.99,70,2015,0,0,0,1,1,1,0,0,0,0,0,0
19.99,77,2015,1,0,1,1,0,1,0,0,0,1,0,0
9.99,76,2015,1,0,1,1,0,1,0,0,0,0,0,0
9.99,47,2015,0,1,0,0,0,0,0,0,0,0,0,0
5.99,56,2015,1,0,0,0,0,1,0,0,0,0,0,0
29.99,72,2015,0,0,1,0,0,0,0,0,0,1,0,0
4.99,32,2015,0,0,0,1,0,0,0,0,0,0,0,0
14.99,65,2015,0,0,1,0,0,0,0,0,0,1,0,0
14.99,75,2015,0,0,0,0,0,1,0,0,0,0,0,0
39.99,87,2015,0,0,1,1,0,0,0,0,0,0,0,0
14.99,84,2015,1,0,0,0,0,0,0,0,0,0,0,0
12.0,85,2015,0,0,0,1,0,1,0,0,0,0,0,1
11.99,64,2015,0,0,0,1,0,0,0,0,0,0,0,0
14.99,66,2015,0,0,0,1,0,0,0,0,0,0,0,0
19.99,74,2015,1,0,1,0,0,1,0,0,0,1,0,0
14.99,66,2015,0,0,1,0,0,0,0,0,0,0,0,0
6.99,65,2015,0,0,0,0,0,1,0,0,0,1,0,0
14.99,55,2015,0,0,1,0,0,0,0,0,0,1,0,0
9.99,75,2014,1,0,0,1,0,1,0,0,0,0,0,1
39.99,85,2014,1,0,0,1,0,1,0,0,0,0,0,0
12.99,61,2014,0,0,0,1,0,1,0,0,0,0,0,0
7.99,68,2007,1,0,0,0,0,0,0,0,0,0,0,0
19.99,73,2014,1,0,0,1,0,0,0,0,0,0,0,0
19.99,70,2014,0,0,1,0,0,1,0,0,0,1,0,0
9.99,76,2014,0,0,1,0,0,1,0,0,0,0,0,0
29.99,71,2014,0,0,0,1,1,0,0,0,0,0,1,0
14.99,70,2014,1,0,0,0,0,1,0,0,0,0,0,0
5.99,62,2014,1,0,0,0,0,1,0,0,0,0,0,0
0.0,53,2014,0,0,1,1,0,1,0,0,1,0,0,0
39.99,68,2014,0,0,0,0,0,0,0,0,0,1,0,0
9.99,68,2014,1,0,1,1,0,1,0,0,0,0,0,1
24.99,83,2014,0,0,0,0,0,0,0,0,0,1,0,0
19.99,83,2014,1,1,0,0,0,1,0,0,0,0,0,0
19.99,71,2014,0,0,1,0,0,0,0,0,0,0,0,0
9.99,69,2014,0,1,0,0,0,0,1,0,0,1,0,0
39.99,74,2014,0,0,1,0,0,1,0,0,0,0,0,0
19.99,69,2014,0,0,0,1,0,1,0,0,0,0,0,1
19.99,83,2013,0,0,1,0,0,0,0,0,0,0,1,0
7.99,62,2014,0,0,0,0,0,1,0,0,0,0,0,0
14.99,71,2014,0,0,0,1,0,1,0,0,0,0,0,0
19.99,80,2014,1,0,1,0,0,0,0,0,0,1,0,0
3.99,77,2014,1,0,0,0,0,1,0,0,0,0,0,0
29.99,73,2014,0,0,1,1,0,0,0,0,0,0,0,0
6.99,82,2000,0,1,0,0,0,0,0,0,0,0,0,0
4.99,32,2014,1,0,1,1,0,1,0,0,0,0,0,0
29.99,62,2014,0,1,0,0,0,0,0,0,0,1,0,0
59.99,78,2014,0,0,0,1,0,0,0,0,0,0,0,0
19.99,65,2014,0,0,0,1,0,1,0,0,0,0,0,0
11.99,79,2014,1,0,1,0,0,1,0,0,0,1,0,0
19.99,68,2014,0,0,0,1,0,1,0,0,0,0,0,0
39.99,81,2014,0,0,0,0,0,0,0,0,0,1,0,0
14.99,75,2014,0,0,1,1,0,1,0,0,0,0,0,0
19.99,83,2014,0,1,0,1,0,1,0,0,0,1,0,0
7.99,70,2014,0,0,0,0,0,1,0,0,0,0,0,1
14.99,61,2014,0,1,0,1,0,0,0,0,0,0,0,0
9.99,78,2014,0,0,0,1,0,1,0,0,0,0,0,0
19.99,74,2014,1,0,0,0,0,0,0,0,0,0,0,0
14.99,80,2014,0,1,1,0,0,0,0,0,0,1,0,0
39.99,75,2014,0,0,1,1,0,0,0,0,0,0,0,0
39.99,81,2014,0,0,0,1,0,0,0,0,0,0,0,0
19.99,73,2011,1,0,0,1,0,0,0,0,0,0,0,0
14.99,74,2014,1,0,0,0,0,1,0,0,0,0,0,0
9.99,68,2014,1,0,0,0,0,1,0,0,0,0,0,0
19.99,61,2014,0,0,0,1,0,0,0,0,0,0,0,0
19.99,79,2010,0,0,0,1,1,0,0,0,0,0,0,0
19.99,57,2010,1,0,0,1,0,0,0,0,0,0,0,0
19.99,63,2010,1,0,0,1,0,0,0,0,0,0,0,0
9.99,59,2014,1,0,0,1,0,0,0,0,0,0,0,0
14.99,75,2014,1,0,0,1,0,1,0,0,0,0,0,0
9.99,82,2014,1,0,0,0,0,1,0,0,0,0,0,0
19.99,82,2014,1,0,0,0,0,1,0,0,0,0,0,0
5.99,58,2014,1,0,0,1,0,1,0,0,0,0,0,0
34.99,70,2014,0,1,1,1,0,0,0,0,0,0,0,0
14.99,68,2014,1,0,0,1,0,1,0,0,0,0,0,0
9.99,83,2014,1,0,0,1,0,1,0,0,0,0,0,0
14.99,57,2014,1,0,0,0,0,1,0,0,0,0,0,0
9.99,68,2014,0,0,0,0,0,1,0,0,0,1,0,0
14.99,87,2014,1,0,1,0,0,1,0,0,0,1,0,0
19.99,71,2014,1,0,0,0,0,1,0,0,0,0,0,0
39.99,78,2014,0,0,0,0,0,0,0,0,0,1,0,0
39.99,71,2014,0,1,0,0,0,0,0,0,0,1,0,0
9.99,68,2014,0,0,1,0,0,1,0,0,0,0,0,0
19.99,67,2014,0,1,0,0,0,1,0,0,0,0,0,1
9.99,68,2014,0,1,0,0,0,1,0,0,0,0,0,1
13.37,73,2014,1,0,0,0,0,1,0,0,0,0,0,1
9.99,82,2002,0,1,0,0,0,0,0,0,0,1,0,0
13.99,82,2014,0,0,0,1,0,1,1,0,0,0,0,0
9.99,70,2014,0,0,1,0,0,1,0,0,0,1,0,0
14.99,76,2012,1,0,0,0,0,0,0,0,0,0,0,1
14.99,65,2014,0,0,1,0,0,0,0,0,0,0,0,0
4.99,78,2014,0,1,0,0,0,1,0,0,0,0,0,0
5.99,62,2014,0,0,0,0,0,1,1,0,0,1,0,0
12.99,73,2014,0,0,1,0,0,0,0,0,0,1,0,0
4.99,63,2005,0,0,1,1,0,1,0,0,0,0,0,0
5.99,57,2014,0,0,0,1,0,1,0,0,0,0,0,1
9.99,68,2014,0,1,0,0,0,0,1,0,0,0,0,1
15.0,64,2014,1,0,0,0,0,1,0,0,0,0,0,0
19.99,58,2014,1,0,0,1,0,1,0,0,0,0,0,0
5.99,61,2014,0,0,0,1,0,1,0,0,0,0,0,0
14.99,65,2014,1,0,1,0,0,1,0,0,0,0,0,0
9.99,64,2014,1,0,0,0,0,1,0,0,0,0,0,0
12.99,68,2014,0,0,1,1,0,1,0,0,0,0,0,0
0.0,39,2014,1,0,0,0,0,1,0,0,1,0,0,0
12.99,78,2014,0,0,0,0,0,1,1,0,0,0,0,0
11.99,85,2014,0,0,0,0,0,0,0,0,0,1,0,0
14.99,78,2014,0,0,0,1,0,1,0,0,0,1,0,0
4.99,82,1998,1,0,0,1,0,0,0,0,0,0,0,0
4.99,72,1998,1,0,0,1,0,0,0,0,0,0,0,0
12.99,49,2014,1,0,0,1,0,1,0,0,0,1,0,0
9.99,63,2014,1,0,1,0,0,1,0,0,0,0,0,0
14.99,69,2014,1,0,0,1,0,1,0,0,0,0,0,0
6.99,41,2014,1,0,0,0,0,1,0,0,0,0,0,1
19.99,75,2008,1,0,0,0,0,0,0,0,0,0,0,0
4.99,83,2014,1,0,0,1,0,1,0,0,0,0,0,0
9.99,64,2014,1,0,0,0,0,1,0,0,0,0,0,0
2.99,41,2014,0,0,0,0,0,1,0,0,0,0,0,0
4.99,50,2003,0,1,0,0,0,0,0,0,0,1,0,0
6.99,43,2014,0,0,0,0,0,1,0,0,0,1,0,0
6.99,61,2004,0,0,0,1,0,0,0,0,0,0,0,0
4.99,77,2004,0,0,0,0,0,0,0,0,0,1,0,0
9.99,66,2014,0,1,0,0,0,0,0,0,0,1,0,1
3.99,70,2001,0,1,0,1,0,0,0,0,0,0,0,0
24.99,85,2014,1,0,0,1,0,1,0,0,0,0,0,0
39.99,78,2014,0,0,0,0,1,0,1,0,0,0,0,0
13.99,68,2014,0,0,1,1,0,1,0,0,0,0,0,0
14.99,67,2014,1,1,0,0,1,0,0,0,0,0,0,0
14.99,73,2014,0,0,0,0,0,1,0,0,0,1,0,0
14.99,77,2014,1,0,1,1,0,1,0,0,0,0,0,0
19.99,72,2014,0,1,0,0,1,0,1,0,0,1,0,0
19.99,89,2014,0,1,0,0,0,0,0,0,0,1,0,0
4.99,66,2014,0,0,0,1,0,1,0,0,0,0,0,0
9.99,71,2008,1,0,0,0,0,1,0,0,0,0,0,0
4.99,70,2014,0,0,0,1,0,0,0,0,0,0,0,1
9.99,91,2014,0,0,0,1,0,0,0,0,0,0,0,0
9.99,85,2014,0,0,0,1,0,1,0,0,0,0,0,0
29.99,68,2013,0,1,0,0,0,0,0,0,0,1,0,0
9.99,83,2014,0,0,0,0,0,1,0,0,0,0,0,0
19.99,86,2014,0,0,0,1,0,1,0,0,0,0,0,0
4.99,77,2003,1,0,0,0,0,0,0,0,0,0,0,0
9.99,62,2006,0,1,0,0,0,0,0,0,0,0,0,0
29.99,59,2014,1,0,1,1,0,0,0,0,0,0,0,0
7.99,61,2007,0,1,0,0,0,1,0,0,0,0,0,0
14.99,80,2014,1,0,0,1,0,1,0,0,0,0,0,0
0.0,64,2014,0,0,1,1,0,0,0,0,1,0,1,0
16.99,66,2017,1,0,0,1,0,1,0,0,0,0,0,0
59.99,81,2014,0,1,0,0,0,0,0,0,0,1,0,0
11.99,83,2014,1,0,0,1,0,1,0,0,0,0,0,0
29.99,77,2014,1,0,0,1,0,0,0,0,0,0,0,0
15.99,68,2014,0,0,1,0,0,0,0,0,0,0,0,0
9.99,69,2014,0,1,0,0,0,0,0,0,0,1,0,0
12.99,73,2014,1,0,0,0,0,1,0,0,0,0,0,1
19.99,81,2014,0,0,0,1,0,0,0,0,0,0,0,0
19.99,83,2014,0,0,1,1,0,1,0,0,0,0,0,0
9.99,79,2014,1,0,0,0,0,1,0,0,0,0,0,0
19.99,66,2014,0,0,0,1,0,1,0,0,0,1,0,0
9.99,74,2002,0,1,0,0,0,0,0,0,0,1,0,0
9.99,73,2014,0,0,1,0,0,1,0,0,0,0,0,0
49.99,71,2014,0,0,0,1,0,0,0,0,0,0,0,0
24.99,65,2014,1,0,0,0,0,1,0,0,0,0,0,0
2.99,69,2002,1,0,0,1,0,1,0,0,0,0,0,0
14.99,78,2015,0,0,0,1,0,1,0,0,0,0,0,0
19.99,68,2014,1,0,0,0,0,1,0,0,0,0,0,0
4.99,64,2014,0,0,0,0,0,1,0,0,0,0,0,0
9.99,77,2006,1,0,0,0,0,1,0,0,0,0,0,0
19.99,63,2013,0,0,0,1,0,1,0,0,0,0,0,0
9.99,69,2001,0,0,0,1,0,0,0,0,0,0,0,0
39.99,91,2014,0,0,1,1,0,0,0,0,0,0,0,0
9.99,51,2014,1,0,0,1,0,1,0,0,0,0,0,1
14.99,77,2014,0,0,1,0,0,0,0,0,0,0,0,0
19.99,80,2014,0,0,0,0,1,0,0,0,0,0,0,0
4.99,41,2003,0,0,0,1,0,0,0,0,0,0,0,0
6.99,75,2014,1,0,0,0,0,1,0,0,0,0,0,0
19.99,72,2014,0,1,0,0,0,1,0,0,0,1,0,0
14.99,75,2014,0,0,0,0,0,1,0,0,0,0,0,0
4.99,68,2001,1,0,0,0,0,0,0,0,0,0,0,1
29.99,78,2014,0,0,0,0,0,0,0,0,0,1,0,0
9.99,89,2014,0,0,0,1,0,0,0,0,0,0,0,0
19.99,73,2014,0,0,0,0,0,0,0,0,0,1,0,0
4.99,67,2006,0,1,0,1,0,0,0,0,0,1,0,0
4.99,78,2003,0,0,0,0,0,0,0,0,0,1,0,0
4.99,69,2005,0,0,0,0,0,0,0,0,0,1,0,0
9.99,75,2011,1,0,0,0,0,0,0,0,0,0,0,0
1.99,61,2014,1,0,0,1,0,1,0,0,0,0,0,0
14.99,54,2014,1,0,0,0,0,1,0,0,0,0,0,0
9.99,67,2014,0,0,0,1,0,1,0,0,0,0,0,0
9.99,62,2014,0,1,0,0,0,1,0,0,0,0,0,1
9.99,72,2014,1,0,0,0,0,0,0,0,0,0,0,1
9.99,76,2014,0,0,0,1,0,1,0,0,0,0,0,1
29.99,49,2014,1,0,0,1,0,0,0,0,0,0,0,0
14.99,80,2014,0,1,1,0,0,0,0,0,0,1,0,0
9.99,62,2008,0,0,0,1,0,0,0,0,0,0,0,0
59.99,68,2014,0,0,0,1,0,0,0,0,0,0,0,0
19.99,82,2014,1,0,0,0,0,1,0,0,0,0,0,0
19.99,80,2011,0,0,0,0,0,0,0,0,0,1,0,0
1.99,72,2014,0,0,0,1,0,1,0,0,0,0,0,0
9.99,70,2003,1,0,0,1,0,0,0,0,0,0,0,0
9.99,67,2002,0,0,0,1,0,0,0,0,0,0,0,0
5.99,87,2014,1,0,0,0,0,1,0,0,0,0,0,0
14.99,75,2014,0,0,0,1,0,1,0,0,0,1,0,0
4.99,78,2001,0,0,1,1,0,0,0,0,0,0,0,0
0.0,43,2014,1,0,1,1,0,1,0,0,1,0,0,0
9.99,70,2000,0,0,1,0,0,0,0,0,0,0,0,0
6.99,63,2005,1,0,0,1,0,0,0,0,0,0,0,0
9.99,59,2008,1,0,0,1,0,0,0,0,0,0,0,0
19.99,79,2014,1,0,0,1,0,0,0,0,0,0,0,0
29.99,70,2014,1,0,0,1,0,0,0,0,0,0,0,0
14.99,76,2014,0,0,0,1,0,1,0,0,0,0,0,0
14.99,78,2014,1,0,0,1,0,0,0,0,0,0,0,0
4.99,66,2014,0,0,0,1,0,1,0,0,0,0,0,0
14.99,66,2014,0,0,0,1,0,1,0,0,0,0,0,0
9.99,59,2014,1,0,0,0,0,1,0,0,0,0,0,0
19.99,83,2014,0,0,1,0,0,0,0,0,0,0,1,0
19.99,74,2012,0,0,1,1,0,1,0,0,0,0,0,0
5.99,77,2002,0,0,0,0,0,0,0,0,0,1,0,0
5.99,62,2014,0,0,0,0,1,1,0,0,0,0,0,1
14.99,75,2014,1,0,0,0,0,1,0,0,0,0,0,0
4.99,77,2001,0,0,0,0,0,0,0,0,0,1,0,0
4.99,78,2003,1,0,1,0,0,1,0,0,0,1,0,0
0.0,72,2014,0,0,0,1,0,1,0,0,1,0,0,0
24.99,70,2014,0,0,1,0,0,0,0,0,0,0,0,0
4.99,61,2001,0,0,0,0,0,1,0,0,0,1,0,0
11.99,73,2014,0,0,0,1,0,1,0,0,0,0,0,0
19.99,73,2014,1,0,0,0,0,1,0,0,0,0,0,1
19.99,68,2014,0,0,1,0,0,1,0,0,0,1,0,0
14.99,81,2014,0,1,0,0,0,0,0,0,0,1,0,0
19.99,80,2014,0,0,1,0,0,1,0,0,0,1,0,0
29.99,83,2014,0,0,0,1,0,0,0,0,0,0,0,0
9.99,62,2014,1,0,0,1,0,1,0,0,0,0,0,0
14.99,73,2013,1,0,1,0,0,1,0,0,0,0,0,0
6.99,71,2007,0,0,0,0,0,1,0,0,0,1,0,0
14.99,63,2013,0,0,0,0,0,0,0,0,0,1,0,0
4.99,37,2013,1,0,0,1,0,1,0,0,0,0,0,0
9.99,77,2013,0,0,0,0,0,1,0,0,0,0,0,0
7.99,83,2013,1,0,0,1,0,1,0,0,0,0,0,0
9.99,61,2013,1,0,0,0,0,1,0,0,0,0,0,0
14.99,78,2013,0,0,0,1,0,0,0,0,0,0,0,0
14.99,77,2014,0,0,1,0,0,1,0,0,0,1,0,0
4.99,50,2013,1,0,0,0,0,1,0,0,0,0,0,0
14.99,66,2013,1,0,0,0,0,1,0,0,0,0,0,1
9.99,53,2013,0,0,0,1,0,1,1,0,0,0,0,0
9.99,76,2013,1,0,0,1,0,1,0,0,0,0,0,0
24.99,73,2013,0,0,0,1,1,0,1,0,0,0,0,0
9.99,62,2013,0,1,1,0,0,1,0,0,0,1,0,0
14.99,69,2013,0,0,0,1,0,1,0,0,0,0,0,0
19.99,53,2013,1,0,0,1,0,0,0,0,0,0,0,0
29.99,33,2013,0,1,0,1,0,0,0,0,0,0,0,0
9.99,62,2013,1,0,0,0,0,1,0,0,0,0,0,0
19.99,78,2013,0,0,1,0,0,0,0,0,0,1,0,0
0.0,67,2013,0,0,0,1,0,0,0,0,1,0,0,1
9.99,69,2004,1,0,0,0,0,0,0,0,0,0,0,1
9.99,66,2013,0,0,0,1,0,1,0,0,0,0,0,0
9.99,82,2013,0,0,1,0,0,1,0,0,0,1,0,0
14.99,83,2013,0,0,1,1,0,1,0,0,0,0,0,0
14.99,53,2013,1,0,0,1,0,0,0,0,0,0,0,0
0.0,79,2003,0,0,1,0,0,0,0,0,1,0,1,0
6.99,78,2000,0,0,0,0,0,0,0,0,0,1,0,0
9.99,65,2013,1,0,0,0,0,1,0,0,0,0,0,0
9.99,76,2013,1,0,0,0,0,0,0,0,0,0,0,0
19.99,71,2013,0,0,0,0,0,0,0,0,0,1,0,0
5.99,81,2001,0,1,0,0,0,0,0,0,0,1,0,0
9.99,78,2002,0,1,0,0,0,0,0,0,0,1,0,0
14.99,77,2013,1,0,1,1,0,1,0,0,0,0,0,0
19.99,78,2013,1,0,0,1,0,0,0,0,0,0,0,0
2.99,89,2013,0,0,1,1,0,0,0,0,0,0,0,0
9.99,76,2013,0,0,0,1,0,1,0,0,0,0,0,0
14.99,63,2013,0,0,0,0,0,1,0,0,0,1,0,0
19.99,70,2013,1,0,0,1,0,0,0,0,0,0,0,0
19.99,80,2013,1,0,0,1,0,0,0,0,0,0,0,0
19.99,74,2013,1,0,0,1,0,0,0,0,0,0,0,0
7.99,75,2013,1,0,0,0,0,1,0,0,0,0,0,1
9.99,72,2013,0,0,0,0,0,1,0,0,0,0,0,1
24.99,70,2013,0,1,0,0,0,1,0,0,0,1,0,0
14.99,69,2013,1,0,0,1,0,1,0,0,0,0,0,0
39.99,73,2013,1,0,0,1,0,0,0,0,0,0,0,0
4.99,84,2013,0,0,0,1,0,1,0,0,0,0,0,0
4.99,71,2001,0,0,0,0,0,0,0,0,0,1,0,0
4.99,61,2004,0,0,0,0,0,0,0,0,0,1,0,0
4.99,72,1999,0,0,1,0,0,0,0,0,0,0,0,0
19.99,66,2013,0,1,0,0,0,0,0,0,0,1,0,0
14.99,72,2013,1,0,0,0,0,1,0,0,0,0,0,0
8.99,47,2013,0,0,0,0,0,1,0,0,0,1,0,0
4.99,71,2003,0,0,1,0,0,0,0,0,0,0,0,0
9.99,57,2013,0,0,0,0,0,1,0,0,0,0,0,0
0.0,47,2013,0,0,0,1,0,0,0,0,1,0,0,0
9.99,71,2013,0,0,1,0,0,1,0,0,0,1,0,0
14.99,43,2013,0,1,0,1,0,0,0,0,0,0,0,0
9.99,83,2004,0,0,1,1,0,0,0,0,0,1,0,0
0.0,77,2013,0,1,0,0,0,0,0,0,1,0,0,0
19.99,72,2013,1,0,0,1,0,1,0,0,0,0,0,0
19.99,82,2013,0,0,0,0,0,1,0,0,0,1,0,0
9.99,85,2001,1,0,1,0,0,0,0,0,0,0,0,0
39.99,74,2013,0,1,0,1,0,0,0,0,0,1,0,0
17.99,72,2013,1,0,0,0,0,0,0,0,0,1,0,0
9.99,76,2013,1,0,0,1,0,1,0,0,0,0,0,0
9.99,40,2013,0,0,0,1,0,0,0,0,0,0,0,0
19.99,79,2013,1,0,0,0,0,1,0,0,0,0,0,0
59.95,76,2013,0,0,0,0,0,0,0,0,0,1,0,0
29.99,89,2013,1,0,0,1,0,0,0,0,0,0,0,0
14.99,86,2013,1,0,0,0,0,1,0,0,0,0,0,0
14.99,90,2013,1,0,0,1,0,1,0,0,0,0,0,0
19.99,66,2013,0,0,0,1,0,0,0,0,0,0,0,0
14.99,86,2013,1,0,0,1,0,0,0,0,0,0,0,0
4.99,73,2013,0,0,0,1,0,1,0,0,0,0,0,0
9.99,83,2013,0,0,0,1,0,1,0,0,0,0,0,0
14.99,90,2013,0,0,0,0,0,1,0,0,0,0,0,0
9.99,85,2013,1,0,0,0,0,1,0,0,0,0,0,0
14.99,88,2013,1,0,0,1,0,1,0,0,0,0,0,0
39.99,87,2013,0,1,0,0,0,0,0,0,0,1,0,0
14.99,73,2013,0,0,0,1,0,1,0,0,0,0,0,0
9.99,72,2013,1,0,1,1,0,1,0,0,0,0,0,0
12.99,78,2013,0,0,0,1,0,1,0,0,0,0,0,0
9.99,73,2013,0,0,0,1,0,1,0,0,0,0,0,1
14.99,85,2013,0,0,1,1,0,1,0,0,0,0,0,0
9.99,63,2013,0,1,0,0,0,1,0,0,0,0,0,0
9.99,77,2013,0,0,0,0,1,0,1,0,0,0,0,0
9.99,73,2013,0,0,0,1,0,1,0,0,0,0,0,0
9.99,47,2013,0,0,0,1,0,1,0,0,0,0,0,0
14.99,82,2013,0,0,0,1,1,1,0,0,0,0,0,1
19.99,75,2013,1,0,0,0,0,1,0,0,0,0,0,0
9.99,75,2013,0,0,0,1,0,1,0,0,0,1,0,0
19.99,80,2013,0,0,0,0,0,0,0,0,0,1,0,0
19.99,77,2013,0,0,1,0,0,1,0,0,0,1,0,0
14.99,87,2013,1,0,0,1,0,1,0,0,0,0,0,0
19.99,82,2013,0,0,0,1,0,0,0,0,0,0,0,0
24.99,80,2013,0,0,1,0,0,1,0,0,0,1,0,0
14.99,72,2013,1,0,1,1,0,1,0,0,0,0,0,0
4.99,64,2013,0,1,0,0,0,1,0,0,0,1,0,0
8.99,77,2013,0,0,0,1,0,1,0,0,0,0,0,0
14.99,79,2013,0,0,0,1,0,0,0,0,0,0,0,0
9.99,83,2013,0,0,0,1,0,1,0,0,0,1,0,0
29.99,80,2013,0,0,0,0,1,0,1,0,0,0,0,0
9.99,92,1999,0,0,1,1,0,0,0,0,0,0,0,0
9.99,69,2013,0,0,0,1,0,1,0,0,0,0,0,1
14.99,77,2013,0,0,0,1,0,1,0,0,0,1,0,0
6.99,66,2013,0,0,0,1,0,1,0,0,0,0,0,0
9.99,91,2013,0,0,0,0,0,1,0,0,0,0,0,0
14.99,81,2013,1,0,0,1,0,0,0,0,0,0,0,0
14.99,83,2013,1,0,0,1,0,1,0,0,0,1,0,1
4.99,76,2013,1,0,0,0,0,1,0,0,0,0,0,0
14.99,80,2013,0,0,0,1,1,1,0,0,0,0,0,0
9.99,75,2013,1,0,0,0,0,1,0,0,0,0,0,0
14.99,80,2013,1,0,0,1,0,1,0,0,0,0,0,0
5.99,83,2013,1,0,0,0,0,1,0,0,0,0,0,0
9.99,61,2013,0,0,0,1,0,0,0,0,0,0,0,0
19.99,68,2013,0,0,0,0,0,0,0,0,0,1,0,0
19.99,76,2013,0,0,0,1,0,0,0,0,0,0,0,0
2.99,73,2013,0,0,0,0,0,1,0,0,0,1,0,1
19.99,72,2013,0,1,0,0,0,0,0,0,0,1,0,0
0.0,69,2013,0,0,0,1,0,0,0,0,1,0,0,0
29.99,94,2013,0,0,0,1,0,0,0,0,0,0,0,0
9.99,59,2013,1,0,0,1,0,1,0,0,0,0,0,0
4.99,79,2013,1,0,0,0,0,1,0,0,0,1,0,1
9.99,52,2013,0,0,0,1,0,0,0,0,0,0,0,0
14.99,85,2013,0,0,0,1,0,1,0,0,0,0,0,0
19.99,81,2011,0,0,0,0,1,0,1,0,0,0,0,0
0.0,75,2013,0,1,0,1,0,0,0,0,1,0,1,0
14.99,62,2013,0,0,0,1,0,0,0,0,0,0,0,0
19.99,66,2013,0,0,0,0,0,1,0,0,0,1,0,0
19.99,86,2013,1,0,0,1,0,0,0,0,0,0,0,0
9.99,67,2013,0,0,0,1,0,0,0,0,0,0,0,0
24.99,81,2013,1,0,0,0,0,1,0,0,0,0,0,0
9.99,74,2013,0,0,0,0,0,1,0,0,0,1,0,1
0.0,67,2013,0,0,1,0,0,1,0,0,1,1,0,0
14.99,80,2013,1,0,0,1,0,0,0,0,0,1,0,0
9.99,62,2013,0,1,0,0,0,1,0,0,0,0,0,1
19.99,45,2013,0,0,0,0,0,0,0,0,0,1,0,0
9.99,80,2013,1,0,0,0,0,1,0,0,0,0,0,1
19.99,79,2013,0,0,0,0,1,0,1,0,0,0,0,0
19.99,82,2013,1,0,0,0,0,1,0,0,0,0,0,0
4.99,67,2013,0,0,1,1,0,1,0,0,0,0,0,1
9.99,81,2013,0,0,0,0,0,0,0,0,0,1,0,0
19.99,79,2013,0,1,0,0,0,1,0,0,0,0,0,0
19.99,78,2013,0,0,1,0,0,0,0,0,0,1,0,0
8.99,72,2013,1,0,0,0,0,1,0,0,0,0,0,0
9.99,79,2012,1,0,0,1,0,1,0,0,0,0,0,0
2.99,75,2012,1,0,0,1,0,0,0,0,0,0,0,0
19.99,65,2012,0,0,0,0,0,0,0,0,0,1,0,0
9.99,48,2012,0,0,0,1,0,1,0,0,0,0,0,0
19.99,88,2012,1,0,0,1,0,0,0,0,0,0,0,0
2.99,88,2012,0,0,0,1,0,1,0,0,0,0,0,0
19.99,80,2012,1,0,0,1,0,0,0,0,0,0,0,0
9.99,52,2012,1,1,1,1,0,1,0,0,0,0,0,0
9.99,68,2012,1,0,0,0,0,1,0,0,0,0,0,1
19.99,75,2012,1,0,0,0,0,0,0,0,0,1,0,1
19.99,79,2012,0,0,0,1,0,0,0,0,0,0,0,0
0.0,84,2012,0,0,0,1,0,0,0,0,1,0,1,0
19.99,80,2012,1,0,0,0,0,0,0,0,0,0,0,0
9.99,77,2012,0,0,0,0,0,1,0,0,0,0,0,0
1.99,42,2012,0,0,0,1,0,0,0,0,0,0,0,0
9.99,80,2012,0,0,0,1,0,1,0,0,0,1,0,0
19.99,64,2012,0,0,0,1,0,0,0,0,0,0,0,0
9.99,63,2012,1,0,0,0,0,1,0,0,0,0,0,0
14.99,78,2012,1,0,0,1,0,1,0,0,0,0,0,0
9.99,74,2012,0,0,1,0,0,0,0,0,0,1,0,0
9.99,59,2012,1,0,0,1,0,1,0,0,0,0,0,0
24.99,79,2012,0,0,0,1,0,1,0,0,0,0,0,0
14.99,91,2012,1,0,0,1,0,1,0,0,0,0,0,0
14.99,73,2012,0,0,0,0,0,0,0,0,0,1,0,0
14.99,69,2012,0,0,1,1,0,0,0,0,0,0,0,0
14.99,64,2012,0,0,0,1,0,0,0,0,0,0,0,0
4.99,76,2012,1,0,0,1,0,1,0,0,0,0,0,0
9.99,91,2012,1,0,0,1,0,0,0,0,0,0,0,0
9.99,75,2012,0,0,1,1,0,0,0,0,0,0,0,1
4.99,66,2012,0,0,0,1,0,0,0,0,0,0,0,0
6.99,61,2012,0,1,0,0,0,0,0,0,0,0,0,1
19.99,88,2012,1,0,1,1,0,1,0,0,0,0,0,0
29.99,89,2012,0,0,0,0,0,0,0,0,0,1,0,0
4.99,72,2012,0,0,0,0,0,1,0,0,0,0,0,0
14.99,50,2012,0,0,0,1,0,1,0,0,0,1,0,0
9.99,84,2012,0,1,0,0,0,1,0,0,0,1,0,0
19.99,89,2012,0,0,1,1,0,0,0,0,0,0,0,0
9.99,67,2012,1,0,0,0,0,0,0,0,0,0,0,0
19.99,80,2012,0,1,0,0,1,0,1,0,0,0,0,0
2.99,69,2012,1,0,0,0,0,1,0,0,0,0,0,0
4.99,68,2012,0,0,0,1,0,1,0,0,0,1,0,0
14.99,66,2012,1,0,0,1,0,0,0,0,0,0,0,0
19.99,85,2012,0,0,1,1,0,0,0,0,0,0,0,0
4.99,57,2012,0,0,0,1,0,1,0,0,0,1,0,0
14.99,63,2012,0,1,1,0,0,0,0,0,0,1,0,0
9.99,74,2012,0,0,0,1,0,1,0,0,0,0,0,0
9.99,74,2012,1,0,0,0,0,1,0,0,0,0,0,1
9.99,83,2012,0,0,0,0,0,0,0,0,0,1,0,0
7.99,59,2012,0,0,0,1,0,1,0,0,0,1,0,0
7.99,83,2012,0,0,0,1,0,1,0,0,0,0,0,0
19.99,69,2012,0,0,0,1,0,0,0,0,0,1,0,1
4.99,88,2012,1,0,0,0,0,1,0,0,0,0,0,1
14.99,49,2012,0,0,0,1,0,0,0,0,0,0,0,0
8.99,75,2012,0,0,0,1,0,1,0,0,0,0,0,1
9.99,74,2012,1,0,0,0,0,1,0,0,0,0,0,0
9.99,60,2012,0,1,0,0,0,1,0,0,0,1,0,1
9.99,74,2012,1,0,0,0,0,1,0,0,0,0,0,1
0.0,78,2012,0,0,0,1,0,1,0,0,1,1,0,0
9.99,76,2012,1,0,0,0,0,1,0,0,0,0,0,0
14.99,83,2012,0,0,0,1,0,1,0,0,0,1,0,0
39.99,76,2012,1,0,0,1,0,0,0,0,0,0,0,0
0.0,75,2012,0,0,0,1,0,0,0,0,1,0,0,0
19.99,77,2012,0,0,0,0,0,0,0,0,0,1,0,0
9.99,75,2012,0,0,0,0,0,1,0,0,0,0,0,0
14.99,55,2012,0,0,1,0,0,0,0,0,0,1,0,0
9.99,77,2012,0,0,0,0,0,0,0,0,0,1,0,0
14.99,58,2012,0,0,1,1,0,0,0,0,0,0,0,0
29.99,76,2012,1,0,0,1,0,0,0,0,0,0,0,0
39.99,82,2012,0,0,0,0,0,1,0,0,0,1,0,0
14.99,55,2012,0,1,0,1,0,0,0,0,0,1,0,0
6.99,56,2002,0,0,0,1,0,0,0,0,0,0,0,0
9.99,73,2012,1,0,0,1,0,0,0,0,0,0,0,0
6.99,87,2000,0,1,0,1,0,0,0,0,0,0,0,0
19.99,91,2012,1,0,0,1,0,0,0,0,0,0,0,0
6.99,92,1998,0,1,0,1,0,0,0,0,0,0,0,0
9.99,82,2012,1,0,0,0,0,1,0,0,0,0,0,1
9.99,54,2012,0,0,0,1,0,0,0,0,0,0,0,0
29.99,79,2012,0,0,0,1,0,0,0,0,0,0,0,0
7.99,79,2012,1,0,0,0,0,1,0,0,0,0,0,0
3.99,75,2012,1,0,0,0,0,1,0,0,0,0,0,1
9.99,54,2012,1,0,0,0,0,0,0,0,0,0,0,0
9.99,73,2012,1,0,0,0,0,1,0,0,0,0,0,1
9.99,63,2012,1,0,0,1,0,0,0,0,0,0,0,0
14.99,81,2012,1,1,1,1,0,1,0,0,0,0,0,0
24.99,82,2012,1,0,0,0,0,0,0,0,0,0,0,0
9.99,59,2012,1,0,0,1,1,0,0,0,0,0,0,0
14.99,54,2012,1,0,0,1,0,1,0,0,0,0,0,0
4.99,80,2012,0,0,0,1,0,1,0,0,0,0,0,0
24.99,71,2012,0,0,0,0,0,0,0,0,0,1,0,0
19.99,64,2012,0,0,0,0,0,0,0,0,0,1,0,0
14.99,82,2012,1,0,1,0,0,1,0,0,0,0,0,0
9.99,74,2012,0,0,0,1,0,1,0,0,0,1,0,0
9.99,76,2012,0,0,1,0,0,1,0,0,0,1,0,0
7.99,57,2012,0,0,0,1,0,0,0,0,0,1,0,0
19.99,88,2011,0,0,1,0,0,0,0,0,0,0,0,0
14.99,76,2012,1,0,0,1,0,1,0,0,0,0,0,0
29.99,39,2012,0,0,0,1,0,0,0,0,0,0,0,0
0.0,76,2012,0,0,0,1,0,1,1,0,1,1,0,0
19.99,66,2012,0,0,0,1,0,0,0,0,0,0,0,0
9.99,83,2012,0,0,1,1,0,0,0,0,0,0,0,0
0.0,71,2011,0,0,1,0,0,0,0,0,1,0,1,0
9.99,81,2012,0,0,0,0,0,0,0,0,0,1,0,0
0.0,75,2012,0,0,0,0,0,0,0,0,1,1,1,0
9.99,72,2012,1,0,0,1,0,1,0,0,0,0,0,0
4.99,80,2012,1,0,0,0,0,1,0,0,0,0,0,0
9.99,73,2012,1,0,0,0,0,1,0,0,0,0,0,0
19.99,70,2012,0,1,0,1,0,1,0,0,0,0,0,0
9.99,79,2012,0,0,0,1,0,1,0,0,0,0,0,0
19.99,81,2012,0,0,1,1,0,0,0,0,0,0,0,0
9.99,73,2012,0,0,0,1,0,1,0,0,0,1,0,1
29.99,77,2012,0,0,0,1,0,0,0,0,0,0,0,0
9.99,73,2012,0,0,0,0,0,0,0,0,0,1,0,0
7.99,57,2012,0,1,0,1,0,1,0,0,0,0,0,0
39.99,81,2009,0,1,0,0,0,0,0,0,0,1,0,0
19.99,80,2012,1,0,0,0,0,0,0,0,0,0,0,0
9.99,65,2012,0,0,0,1,0,0,0,0,0,0,0,0
0.0,83,2011,0,0,1,0,0,0,0,0,1,0,1,0
9.99,71,2011,1,0,0,0,0,1,0,0,0,0,0,0
9.99,84,2011,0,0,0,1,0,0,0,0,0,0,0,0
9.99,81,2011,0,0,0,1,0,1,0,0,0,0,0,1
9.99,82,2011,1,0,0,0,0,1,0,0,0,0,0,0
4.99,37,2011,0,0,0,1,0,0,0,0,0,0,0,0
15.0,76,2011,0,0,0,1,0,0,0,0,0,0,0,0
9.99,59,2011,0,0,0,0,1,0,0,0,0,0,0,0
0.0,79,2011,0,0,0,1,0,0,0,0,1,0,1,0
19.99,70,2011,0,1,0,0,0,0,0,0,0,0,0,0
9.99,59,2011,0,0,0,0,1,1,0,0,0,0,0,0
19.99,66,2011,0,0,1,1,0,0,0,0,0,0,0,0
14.99,81,2011,0,0,1,1,0,1,0,0,0,1,0,0
7.99,73,2002,0,0,0,0,0,0,0,0,0,1,0,1
14.99,76,2011,0,0,0,1,0,0,0,0,0,0,0,0
14.99,55,2011,0,0,0,1,0,1,0,0,0,0,0,0
9.99,79,2011,0,0,0,1,0,0,0,0,0,0,0,0
9.99,83,2011,0,0,0,1,0,1,0,0,0,1,0,0
9.99,76,2011,0,0,1,0,0,0,0,0,0,1,0,0
9.99,71,2011,0,0,0,1,0,0,0,0,0,1,0,0
19.99,72,2011,0,1,1,0,0,0,0,0,0,1,0,0
14.99,66,2011,0,0,0,0,0,0,0,0,0,1,0,0
4.99,54,2011,0,0,1,0,0,0,0,0,0,1,0,0
9.99,67,2011,0,0,0,1,0,1,0,0,0,0,0,0
14.99,83,2011,0,1,0,0,1,0,1,0,0,0,0,0
4.99,72,2011,0,0,0,0,0,1,0,0,0,0,0,1
14.99,86,2011,0,0,1,1,0,1,0,0,0,0,0,0
14.99,76,2011,1,1,0,0,0,0,0,0,0,0,0,0
9.99,75,2011,0,0,1,0,0,1,0,0,0,0,0,0
9.99,62,2011,0,0,1,1,0,1,0,0,0,0,0,0
9.99,63,2011,0,0,0,0,0,0,0,0,0,1,0,0
9.99,56,2011,0,0,0,0,0,0,0,0,0,1,0,0
9.99,88,2011,1,0,0,0,0,1,0,0,0,0,0,0
9.99,79,2001,0,0,0,0,0,0,0,0,0,1,0,0
9.99,87,2001,0,0,0,0,0,0,0,0,0,1,0,0
9.99,81,2004,0,0,0,0,0,0,0,0,0,1,0,0
4.99,74,2001,0,0,0,0,0,0,0,0,0,1,0,0
7.99,71,2002,1,0,0,0,0,0,0,0,0,0,0,0
4.99,66,2003,0,0,0,0,0,0,0,0,0,1,0,0
7.99,80,2002,0,0,0,0,0,0,0,0,0,1,0,0
4.99,76,2003,0,0,0,0,0,0,0,0,0,1,0,0
4.99,74,2002,0,0,0,0,0,0,0,0,0,1,0,0
4.99,73,2005,0,0,0,0,0,0,0,0,0,1,0,0
4.99,69,2006,0,0,0,0,0,0,0,0,0,1,0,0
19.99,54,2011,0,0,0,0,0,1,0,0,0,1,0,0
14.99,81,2005,0,0,0,1,0,0,0,0,0,0,0,0
6.99,62,2011,1,0,0,0,0,1,0,0,0,0,0,1
1.99,81,2011,0,0,0,0,0,1,0,0,0,0,0,1
2.99,78,2011,0,0,1,0,0,1,0,0,0,0,0,0
4.99,79,2011,0,0,1,0,0,1,0,0,0,0,0,1
4.99,50,2011,0,0,0,1,0,0,0,0,0,1,0,0
9.99,67,2011,0,0,0,1,0,0,0,0,0,1,0,0
19.99,75,2011,0,0,0,1,0,0,0,0,0,0,0,0
19.99,70,2011,0,1,0,0,0,0,0,0,0,1,0,0
9.99,81,2011,0,0,0,1,0,1,0,0,0,0,0,0
9.99,79,2011,1,0,0,0,0,0,0,0,0,0,0,0
9.99,75,2011,1,0,0,0,0,0,0,0,0,0,0,0
19.99,75,2011,1,0,0,0,0,0,0,0,0,0,0,1
9.99,56,2011,0,0,0,1,0,0,0,0,0,0,0,0
9.99,80,2011,0,0,0,1,0,1,0,0,0,0,0,0
9.99,68,2011,0,0,1,1,0,0,0,0,0,0,0,0
9.99,77,2011,0,0,0,1,0,0,0,0,0,0,0,0
4.99,63,2011,1,0,0,0,0,1,0,0,0,0,0,1
4.99,49,2011,0,0,0,1,0,1,0,0,0,0,0,0
4.99,64,2011,1,0,0,1,0,1,0,0,0,1,0,0
5.99,69,2011,1,0,0,0,0,1,0,0,0,0,0,1
9.99,83,2011,1,0,1,1,0,1,0,0,0,0,0,0
0.0,70,2011,0,0,0,1,0,0,0,0,1,0,0,0
12.99,80,2004,1,0,0,0,0,0,0,0,0,0,0,0
12.99,82,2002,1,0,0,0,0,0,0,0,0,0,0,1
2.99,57,2011,0,0,0,1,0,1,0,0,0,0,0,0
1.99,74,2011,0,0,0,0,0,1,0,0,0,0,0,1
9.99,78,2011,0,0,0,0,0,1,0,0,0,1,0,1
9.99,84,2011,0,1,0,0,0,1,0,0,0,0,0,0
19.99,79,2011,0,0,0,0,0,0,0,0,0,1,0,0
9.99,75,2011,0,0,0,0,0,1,0,0,0,1,0,0
9.99,44,2011,0,0,0,1,1,0,0,0,0,0,0,0
9.99,79,2011,0,0,0,1,0,1,0,0,0,1,0,0
19.99,88,2011,1,0,0,1,0,0,0,0,0,0,0,0
19.99,76,2011,1,0,0,1,0,0,0,0,0,0,0,0
6.99,49,2011,0,0,0,0,0,0,0,0,0,1,0,0
19.99,84,2011,0,0,0,0,1,0,0,0,0,0,0,0
9.99,65,2011,0,0,0,1,0,1,0,0,0,1,0,1
6.99,86,2002,0,0,1,0,0,0,0,0,0,0,0,0
19.99,70,2011,0,1,0,0,0,0,0,0,0,0,0,0
9.99,77,2011,0,0,0,0,0,0,0,0,0,1,0,0
4.99,55,2011,0,0,0,0,0,1,0,0,0,0,0,0
4.99,43,2011,0,0,0,1,0,0,0,0,0,0,0,0
9.99,74,2011,0,0,1,1,0,0,0,0,0,0,0,0
9.99,71,2011,0,0,0,0,0,0,0,0,0,1,0,0
4.99,82,2010,0,0,0,0,0,0,0,0,0,1,0,1
4.99,73,2010,0,0,0,0,0,1,0,0,0,1,0,1
9.99,76,2010,0,0,0,0,0,0,0,0,0,1,0,0
19.99,86,2010,0,0,0,0,1,0,0,0,0,0,0,0
0.0,88,2003,0,0,1,1,0,0,0,0,1,1,1,0
14.99,86,2010,0,0,0,1,0,0,0,0,0,0,0,0
6.99,67,2010,0,0,0,0,0,0,0,0,0,0,0,1
9.99,64,2010,0,0,0,1,0,0,0,0,0,0,0,0
4.99,71,2010,0,0,0,0,0,0,1,0,0,0,0,1
9.99,79,2007,0,0,1,0,0,1,0,0,0,1,0,0
14.99,78,2010,0,0,1,1,0,1,0,0,0,0,0,0
14.99,87,2010,0,0,0,0,0,1,0,0,0,0,0,0
4.99,69,2010,0,0,0,0,1,0,0,0,0,0,0,0
29.99,91,2010,0,0,1,0,0,0,0,0,0,0,0,0
29.99,90,2010,1,0,0,1,0,0,0,0,0,0,0,0
9.99,73,2010,0,0,0,0,0,0,1,0,0,1,0,0
4.99,73,2010,0,0,0,1,0,0,0,0,0,0,0,0
19.99,63,2010,0,0,1,0,0,0,0,0,0,0,0,0
19.99,78,2010,1,0,0,1,0,0,0,0,0,0,0,0
9.99,77,2010,1,0,0,0,0,0,0,0,0,0,0,0
9.99,63,2010,0,0,0,1,0,0,0,0,0,0,0,0
9.99,82,2010,1,0,0,1,0,0,0,0,0,0,0,0
9.99,69,2010,0,0,1,1,0,0,0,0,0,0,0,0
4.99,63,2004,1,0,0,0,0,0,0,0,0,0,0,0
9.99,68,2010,0,0,0,0,0,0,0,0,0,1,0,0
9.99,59,2010,1,0,0,0,0,0,0,0,0,0,0,0
5.99,66,1993,1,0,0,0,0,0,0,0,0,0,0,1
9.99,75,2008,0,0,0,0,0,0,0,0,0,1,0,0
5.99,83,1997,1,0,0,0,0,0,0,0,0,0,0,1
9.99,75,2010,1,0,0,1,0,0,0,0,0,0,0,0
9.99,71,2010,1,0,0,0,0,1,0,0,0,0,0,1
7.99,55,2010,0,0,0,1,0,0,0,0,0,0,0,0
9.99,61,2006,0,1,0,0,0,0,0,0,0,1,0,0
9.99,63,2007,0,1,0,0,0,0,0,0,0,1,0,0
2.99,79,2010,0,0,0,0,0,1,0,0,0,0,0,1
4.99,61,2010,0,1,0,0,0,0,0,0,0,0,0,0
4.99,63,2009,0,1,0,0,0,0,0,0,0,1,0,0
3.99,66,2007,0,0,0,0,0,0,0,0,0,1,0,0
3.99,60,2010,0,0,0,0,0,0,0,0,0,1,0,0
9.99,80,2010,0,0,0,1,0,0,0,0,0,0,0,0
0.99,65,2010,0,0,0,1,0,0,0,0,0,0,0,0
4.99,66,2003,0,0,0,1,0,0,0,0,0,0,0,0
19.99,79,2010,1,0,0,1,0,0,0,0,0,0,0,0
19.99,73,2010,0,1,0,1,0,0,0,0,0,1,0,0
29.99,76,2010,0,0,0,1,0,0,0,0,0,0,0,0
54.99,88,2005,0,0,0,1,0,0,0,0,0,0,0,0
9.99,79,2010,0,1,0,0,0,0,0,0,0,1,0,0
19.99,81,2010,0,0,0,0,0,0,0,0,0,1,0,0
9.99,86,2010,0,0,1,1,0,0,0,0,0,0,0,0
9.99,78,1999,0,0,0,0,0,0,0,0,0,1,0,0
19.99,81,2010,0,0,0,0,0,0,0,0,0,1,0,0
19.99,87,2010,0,0,0,1,0,0,0,0,0,0,0,0
12.99,77,2010,0,0,0,0,0,0,0,0,0,1,0,0
9.99,65,2010,0,0,0,0,1,0,0,0,0,0,0,0
19.99,86,2010,1,0,0,1,0,0,0,0,0,0,0,0
14.99,84,2010,1,0,0,1,0,0,0,0,0,0,0,0
19.99,85,2010,0,0,0,0,0,0,0,0,0,1,0,0
9.99,84,2010,0,0,0,1,0,1,0,0,0,0,0,0
9.99,82,2010,0,0,1,0,0,0,0,0,0,0,0,0
19.99,64,2010,0,0,0,0,0,0,0,0,0,1,0,0
12.99,75,2010,1,0,0,0,0,1,0,0,0,0,0,0
19.99,83,2010,0,0,0,1,0,0,0,0,0,0,0,0
9.99,72,2010,1,0,0,0,0,1,0,0,0,1,0,0
9.99,75,2010,0,0,0,0,0,1,0,0,0,1,0,0
9.99,73,2009,1,0,1,0,0,0,0,0,0,0,0,0
6.99,76,2010,1,0,0,0,0,0,0,0,0,0,0,0
9.99,57,2010,1,0,0,1,0,0,0,0,0,0,0,0
6.99,73,2010,1,0,0,0,0,1,0,0,0,0,0,0
19.99,94,2010,0,0,1,0,0,0,0,0,0,0,0,0
7.99,58,2010,0,1,0,0,0,0,0,0,0,0,0,0
29.99,94,2010,0,0,1,0,0,0,0,0,0,0,0,0
4.99,80,2010,0,0,0,0,0,1,0,0,0,0,0,1
14.99,68,2010,0,0,0,1,0,0,0,0,0,0,0,0
19.99,88,2010,0,0,0,1,0,0,0,0,0,0,0,0
19.99,70,2010,1,0,0,1,0,0,0,0,0,0,0,0
19.99,80,2010,0,0,1,1,0,0,0,0,0,0,0,0
9.99,68,2010,0,0,0,0,0,1,0,0,0,1,0,0
19.99,89,2009,0,0,0,1,0,0,0,0,0,0,0,0
5.99,71,2009,0,0,1,0,0,0,0,0,0,0,0,0
9.99,61,2009,0,0,0,1,0,0,0,0,0,0,0,0
4.99,29,2009,0,0,0,1,0,0,0,0,0,0,0,0
9.99,82,2009,0,0,1,0,0,0,0,0,0,1,0,0
5.99,82,2003,1,0,0,0,0,0,0,0,0,0,0,0
9.99,63,2006,0,0,1,1,0,0,0,0,0,0,0,0
0.0,79,2009,0,0,0,1,0,1,0,0,1,0,0,0
9.99,84,2009,0,0,1,1,0,0,0,0,0,0,0,0
6.99,85,2003,1,0,0,0,0,0,0,0,0,0,0,0
6.99,77,2005,1,0,0,0,0,0,0,0,0,0,0,0
6.99,70,2006,1,0,0,0,0,0,0,0,0,0,0,0
6.99,80,2005,1,0,0,0,0,0,0,0,0,0,0,0
6.99,81,2004,1,0,0,0,0,0,0,0,0,0,0,0
6.99,81,2003,1,0,0,0,0,0,0,0,0,0,0,0
9.99,80,2009,0,0,0,0,0,1,0,0,0,1,0,0
19.99,81,2009,0,0,1,1,0,0,0,0,0,0,0,0
9.99,76,2009,0,0,0,1,0,0,0,0,0,0,0,0
19.99,46,2009,0,0,0,1,0,0,0,0,0,0,0,0
5.99,59,2009,0,0,0,0,0,0,0,0,0,0,0,1
9.99,79,2009,0,1,0,0,0,0,0,0,0,1,0,0
19.99,82,2009,0,0,0,1,0,0,0,0,0,0,0,0
19.99,86,2009,1,0,0,1,0,0,0,0,0,0,0,0
4.99,78,2009,0,0,0,1,0,0,0,0,0,0,0,1
5.99,91,1997,0,0,0,1,0,0,0,0,0,0,0,0
9.99,89,2003,0,0,0,1,0,0,0,0,0,0,0,0
9.99,81,2003,0,0,0,1,0,0,0,0,0,0,0,0
4.99,49,2009,1,0,0,1,0,0,0,0,0,0,0,0
9.99,72,2009,0,1,0,0,0,0,0,0,0,1,0,0
4.99,79,2009,0,0,0,0,0,1,0,0,0,0,0,0
9.99,81,2009,0,0,0,1,0,1,1,0,0,0,0,0
9.99,67,2009,0,0,0,0,0,1,0,0,0,0,0,1
9.99,83,2000,0,0,0,1,0,0,0,0,0,0,0,0
9.99,78,2001,0,0,0,1,0,0,0,0,0,0,0,0
9.99,68,2004,1,0,0,0,0,0,0,0,0,0,0,0
9.99,72,2008,1,0,0,0,0,0,0,0,0,0,0,0
9.99,64,2003,0,0,0,1,0,0,0,0,0,1,0,0
9.99,77,2009,0,0,0,0,0,0,0,0,0,1,0,0
19.99,91,2010,1,0,0,1,0,0,0,0,0,0,0,0
6.99,73,2009,0,0,0,1,0,0,0,0,0,0,0,0
9.99,71,2009,1,0,0,0,0,0,0,0,0,0,0,0
9.99,63,2008,1,0,0,0,0,0,0,0,0,0,0,0
4.99,68,2008,1,0,0,0,0,1,0,0,0,0,0,0
9.99,67,2009,0,0,0,0,0,0,0,0,0,1,0,0
7.99,76,2005,0,0,0,1,0,0,0,0,0,0,0,0
7.99,69,2009,0,0,0,0,0,0,0,0,0,1,0,0
6.99,81,2009,1,0,0,0,0,0,0,0,0,0,0,0
5.99,71,2002,0,1,0,1,0,0,0,0,0,0,0,0
9.99,78,2005,0,0,0,1,0,0,0,0,0,0,0,0
9.99,65,2008,0,0,0,0,0,0,0,0,0,1,0,0
9.99,51,2002,0,0,0,1,0,0,0,0,0,0,0,0
9.99,74,2001,0,1,0,1,0,0,0,0,0,0,0,0
9.99,74,2000,0,0,0,1,0,0,0,0,0,0,0,0
14.99,77,2003,0,0,0,1,0,0,0,0,0,0,0,0
19.99,65,2005,0,0,0,1,0,0,0,0,0,0,0,0
4.99,62,2008,1,0,0,0,0,0,0,0,0,0,0,0
9.99,75,2004,0,0,0,0,0,0,0,0,0,1,0,0
19.99,70,2009,0,1,0,1,0,0,0,0,0,0,0,0
12.99,77,2009,0,1,0,1,0,0,0,0,0,1,0,0
14.99,80,2009,1,0,0,1,0,1,0,0,0,0,0,0
9.99,79,2009,0,0,1,0,0,0,0,0,0,0,0,0
9.99,82,2009,0,1,0,0,0,0,0,0,0,1,0,0
19.99,79,2009,0,0,0,0,0,1,0,0,0,0,0,1
4.99,80,2009,0,0,0,0,0,0,0,0,0,1,0,0
19.99,30,2009,0,0,0,1,0,0,0,0,0,0,0,0
19.99,72,2009,0,0,0,1,0,0,0,0,0,0,0,0
4.99,63,2009,0,0,0,1,0,0,0,0,0,0,0,0
9.99,41,2009,1,0,0,1,0,0,0,0,0,0,0,0
19.99,64,2009,0,1,0,0,0,1,0,0,0,1,0,1
8.99,74,2009,0,0,0,1,0,0,0,0,0,1,0,0
4.99,61,2009,0,0,0,1,0,0,0,0,0,0,0,0
4.99,87,2009,0,0,0,0,0,0,0,0,0,1,0,0
9.99,57,2008,0,0,1,1,0,0,0,0,0,0,0,0
9.99,66,2009,0,0,0,1,0,0,0,0,0,0,0,0
9.99,75,2009,0,0,0,1,0,1,0,0,0,0,0,0
7.99,55,2005,0,0,0,1,0,0,0,0,0,0,0,0
4.99,71,2009,0,0,1,0,0,0,0,0,0,1,0,0
19.99,70,2009,0,0,0,0,0,0,0,0,0,1,0,0
4.99,65,2009,0,0,0,0,0,0,0,0,0,1,0,1
14.99,90,2009,0,0,0,0,0,1,0,0,0,1,0,1
9.99,73,2009,0,0,0,0,0,1,0,0,0,0,0,1
4.99,35,2009,0,0,0,1,0,1,0,0,0,0,0,0
9.99,79,2009,1,0,0,0,0,1,0,0,0,0,0,0
4.99,51,2007,0,1,0,0,0,0,0,0,0,0,0,0
14.99,43,2009,0,0,0,0,0,0,0,0,0,1,0,0
9.99,80,2006,0,0,0,1,0,0,0,0,0,0,0,0
4.99,58,2007,0,0,0,0,0,0,0,0,0,1,0,0
9.99,61,2007,0,0,0,0,1,0,0,0,0,0,0,0
9.99,79,2008,0,0,0,0,0,0,0,0,0,1,0,0
19.99,85,2009,0,0,0,0,0,0,0,0,0,1,0,0
19.99,90,2009,0,0,0,0,0,0,0,0,0,1,0,0
19.99,81,2008,0,0,1,0,0,1,0,0,0,0,0,1
9.99,72,2009,0,0,1,0,0,0,0,0,0,0,0,1
9.99,68,2009,0,0,0,0,0,0,0,0,0,1,0,0
9.99,66,2009,0,0,1,0,0,0,0,0,0,0,0,0
9.99,72,2009,0,1,0,0,0,0,0,0,0,1,0,0
14.99,83,2006,0,0,0,0,0,0,0,0,0,1,0,0
9.99,78,2009,1,0,0,1,0,1,0,0,0,0,0,0
14.99,83,2007,0,0,0,0,0,0,0,0,0,1,0,0
9.99,91,2008,0,0,1,0,0,0,0,0,0,0,0,0
9.99,72,2008,0,0,1,0,0,1,0,0,0,0,0,0
39.99,64,2008,1,0,0,0,0,0,0,0,0,0,0,0
7.99,83,2007,0,0,0,1,0,1,0,0,0,1,0,0
19.99,89,2008,0,0,0,1,0,0,0,0,0,0,0,0
19.99,83,2008,0,0,0,1,0,0,0,0,0,0,0,0
4.99,78,2008,0,0,0,0,0,0,0,0,0,1,0,1
8.99,80,2008,1,0,0,1,0,0,0,0,0,0,0,0
9.99,85,2005,1,0,0,1,0,0,0,0,0,0,0,0
9.99,83,2004,1,0,0,1,0,0,0,0,0,0,0,0
9.99,89,2003,1,0,0,1,0,0,0,0,0,0,0,0
9.99,78,2005,0,0,0,0,0,0,0,0,0,1,0,1
9.99,82,2008,1,0,0,1,0,0,0,0,0,0,0,0
9.99,82,2007,0,0,0,0,0,1,0,0,0,0,0,0
9.99,65,2008,0,0,0,1,1,0,0,0,0,0,0,0
19.99,82,2008,1,0,0,0,0,0,0,0,0,0,0,0
19.99,89,2008,0,0,1,1,0,0,0,0,0,0,0,0
19.99,84,2008,0,1,0,0,0,0,0,0,0,0,0,0
9.99,63,2008,0,1,0,0,0,0,0,0,0,1,0,0
9.99,72,2008,0,0,0,0,0,0,0,0,0,1,0,1
7.99,67,2006,0,1,0,0,0,0,0,0,0,1,0,0
1.99,65,2008,1,0,0,1,0,0,0,0,0,0,0,0
9.99,69,2008,1,0,0,0,0,0,0,0,0,0,0,0
9.99,74,2006,0,0,1,1,0,0,0,0,0,0,0,0
7.99,75,2008,0,1,0,0,0,0,0,0,0,1,0,0
4.99,82,2002,0,0,0,1,0,0,0,0,0,0,0,0
9.99,80,2001,0,0,0,1,0,0,0,0,0,0,0,0
4.99,82,2002,0,0,0,1,0,0,0,0,0,0,0,0
9.99,58,2005,0,0,0,0,0,0,0,0,0,1,0,0
19.99,79,2008,1,0,0,1,0,0,0,0,0,0,0,0
9.99,78,2008,0,0,0,1,0,0,0,0,0,0,0,0
29.99,80,2008,0,0,0,0,1,0,0,0,0,0,0,0
9.99,74,2008,0,0,0,0,0,0,0,0,0,0,0,1
9.99,90,2007,0,0,0,1,0,0,0,0,0,0,0,0
9.99,77,2008,0,0,0,0,0,1,0,0,0,0,0,1
9.99,66,2005,0,0,0,1,0,0,0,0,0,0,0,0
9.99,59,2006,0,0,0,1,0,0,0,0,0,0,0,0
9.99,77,2006,0,0,0,0,0,0,0,0,0,1,0,0
9.99,87,2005,0,0,0,1,0,0,0,0,0,0,0,0
19.99,79,2008,1,0,0,0,0,0,0,0,0,0,0,0
19.99,80,2008,1,0,0,0,0,0,0,0,0,0,0,0
19.99,82,2007,1,0,0,0,0,0,0,0,0,0,0,0
19.99,82,2008,1,0,0,0,0,0,0,0,0,0,0,0
19.99,85,2008,1,0,0,0,0,0,0,0,0,0,0,0
9.99,85,2008,0,0,0,0,0,1,0,0,0,0,0,0
9.99,71,2006,0,0,0,1,0,0,0,0,0,0,0,0
9.99,79,2007,0,0,0,1,0,0,0,0,0,0,0,0
19.99,73,2008,0,0,0,1,0,0,0,0,0,0,0,0
14.99,67,2008,0,0,0,1,0,0,0,0,0,0,0,0
4.99,69,2006,1,0,0,0,0,0,0,0,0,0,0,1
3.99,83,2007,0,0,0,0,1,0,0,0,0,0,0,0
9.99,77,2004,0,1,0,0,0,1,0,0,0,1,0,0
9.99,70,2006,0,0,0,1,0,0,0,0,0,1,0,0
9.99,80,2004,0,0,0,1,0,0,0,0,0,1,0,0
9.99,86,2007,0,0,0,0,0,0,0,0,0,1,0,0
19.99,93,2006,0,0,0,1,0,0,0,0,0,1,0,0
9.99,80,2004,0,0,0,0,0,1,0,0,0,0,0,0
4.99,87,2004,0,0,0,1,0,0,0,0,0,0,0,0
2.99,78,2005,0,0,0,1,0,0,0,0,0,0,0,0
14.99,69,2000,0,0,0,1,0,0,0,0,0,0,0,0
0.0,92,2007,0,0,0,1,0,0,0,0,1,0,0,0
7.99,90,2007,0,0,0,1,0,0,0,0,0,0,0,0
4.99,65,2007,0,0,0,1,0,0,0,0,0,0,0,0
4.99,59,2007,0,0,0,1,0,0,0,0,0,0,0,0
9.99,61,2007,0,0,1,0,0,0,0,0,0,0,0,0
9.99,72,2007,0,0,0,1,0,0,0,0,0,0,0,0
11.99,85,2007,0,0,0,0,0,0,0,0,0,1,0,0
19.99,92,2007,0,0,0,1,0,0,0,0,0,0,0,0
6.99,67,2007,0,0,0,1,0,0,0,0,0,0,0,0
3.99,76,2007,0,0,0,0,0,0,0,0,0,0,0,1
4.99,72,2003,0,0,0,1,0,0,0,0,0,0,0,0
6.99,75,2006,0,0,0,1,0,0,0,0,0,0,0,0
6.99,73,2000,0,0,0,1,0,0,0,0,0,0,0,0
6.99,87,2002,0,0,0,1,0,0,0,0,0,0,0,0
6.99,76,2007,0,0,0,1,0,0,0,0,0,0,0,0
4.99,87,2002,0,0,0,1,0,0,0,0,0,0,0,0
8.99,82,2006,0,0,0,1,0,0,0,0,0,0,0,0
19.99,80,2004,0,0,0,1,0,0,0,0,0,0,0,0
19.99,82,2007,0,0,1,1,0,0,0,0,0,0,0,0
9.99,68,2006,0,0,0,1,0,0,0,0,0,1,0,0
8.99,85,2004,0,0,0,1,0,0,0,0,0,0,0,0
6.99,90,2000,0,0,0,1,0,0,0,0,0,0,0,0
6.99,80,2004,0,0,0,1,0,0,0,0,0,0,0,0
9.99,69,2006,0,0,0,1,0,0,0,0,0,0,0,0
5.99,76,2005,0,0,0,1,0,0,0,0,0,0,0,0
14.99,81,2007,0,0,1,0,0,0,0,0,0,0,0,0
9.99,62,2007,0,0,1,0,0,0,0,0,0,0,0,0
4.99,70,2007,0,0,0,1,0,0,0,0,0,1,0,0
9.99,74,2003,1,0,0,0,0,0,0,0,0,0,0,0
19.99,91,2003,0,0,0,1,0,0,0,0,0,0,0,0
9.99,87,2005,0,0,0,1,0,0,0,0,0,0,0,0
19.99,76,2005,0,0,0,1,0,0,0,0,0,0,0,0
19.99,86,2005,0,0,0,1,0,0,0,0,0,0,0,0
19.99,87,2004,0,0,0,1,0,0,0,0,0,0,0,0
14.99,68,2006,0,0,0,0,0,0,0,0,0,1,0,0
4.99,90,2001,0,0,0,0,0,0,0,0,0,1,0,0
4.99,67,2005,0,0,0,0,0,0,0,0,0,1,0,0
19.99,94,2005,0,0,0,0,0,0,0,0,0,1,0,0
9.99,84,2001,0,0,0,0,0,0,0,0,0,1,0,0
9.99,67,2005,0,0,0,1,0,0,0,0,0,0,0,0
9.99,80,2006,0,0,0,1,0,1,0,0,0,0,0,0
19.99,88,2006,0,0,0,0,0,0,0,0,0,1,0,0
14.99,65,2006,0,0,0,0,0,0,0,0,0,1,0,0
19.99,88,2004,0,0,0,1,0,0,0,0,0,0,0,0
9.99,96,2004,0,0,0,1,0,0,0,0,0,0,0,0
9.99,88,2005,0,0,1,0,0,0,0,0,0,0,0,0
9.99,84,2005,0,0,0,0,0,1,0,0,0,1,0,0
9.99,69,2005,0,0,0,0,0,1,0,0,0,0,0,0
6.99,80,2005,0,0,1,0,0,0,0,0,0,0,0,0
9.99,81,2006,0,0,0,1,0,0,0,0,0,0,0,0
9.99,79,2006,0,0,0,0,0,0,0,0,0,1,0,0
14.99,82,2006,0,0,0,0,0,0,0,0,0,1,0,0
4.99,73,2006,0,0,0,0,0,0,0,0,0,1,0,0
6.99,74,2006,0,0,0,1,0,0,0,0,0,0,0,0
7.99,87,2006,0,0,0,1,0,0,0,0,0,0,0,0
9.99,75,2006,0,0,0,1,0,0,0,0,0,0,0,0
9.99,71,2005,0,0,0,0,0,0,0,0,0,1,0,0
4.99,72,2003,0,0,0,0,0,0,0,0,0,1,0,0
4.99,56,2006,0,0,0,0,0,0,0,0,0,1,0,0
9.99,75,2006,0,0,0,0,0,1,0,0,0,1,0,0
4.99,82,2006,0,0,0,0,1,0,0,0,0,0,0,0
9.99,72,2006,0,0,1,1,0,0,0,0,0,0,0,0
9.99,88,2000,0,0,0,1,0,0,0,0,0,0,0,0
19.99,81,2001,0,0,1,1,0,0,0,0,0,0,0,0
4.99,71,2001,0,0,0,1,0,0,0,0,0,0,0,0
14.99,88,2002,1,0,0,1,0,0,0,0,0,0,0,0
4.99,79,2003,0,0,0,1,0,0,0,0,0,0,0,0
14.99,93,2004,0,0,0,1,0,0,0,0,0,0,0,0
9.99,65,2004,0,0,0,1,0,0,0,0,0,0,0,0
